dataset,seed,fold,video,n_frames,n_windows,n_sampled,f1_strict,f1_standard,tau_ann,rho_ann,decode_s,model_s_all_seeds
summe,42,1,Air_Force_One,4494,45,1350,0.40909090638160706,0.5116279125213623,0.062166486565793155,0.08693208287767627,7.893726599751972,3.0796934997779317
summe,43,1,Air_Force_One,4494,45,1350,0.5,0.4761904776096344,0.09539834113552591,0.13336124596792684,7.893726599751972,3.0796934997779317
summe,44,1,Air_Force_One,4494,45,1350,0.5454545617103577,0.5,0.04287673190175289,0.059159477871813894,7.893726599751972,3.0796934997779317
summe,42,1,Eiffel Tower,4971,50,1500,0.4545454680919647,0.5116279125213623,0.14343818518802662,0.2036518001280871,11.115091800165828,3.9413458998897113
summe,43,1,Eiffel Tower,4971,50,1500,0.40909090638160706,0.325581431388855,0.05515299233286094,0.07345720449259804,11.115091800165828,3.9413458998897113
summe,44,1,Eiffel Tower,4971,50,1500,0.40909090638160706,0.325581431388855,0.120407265312766,0.1655373359837382,11.115091800165828,3.9413458998897113
summe,42,1,Jumps,950,10,300,0.5454545617103577,0.6285714507102966,0.3216006092766103,0.4304193732229533,0.23466889996780083,0.5885822999989614
summe,43,1,Jumps,950,10,300,0.7272727489471436,0.6666666865348816,0.230682249410919,0.32940941717715133,0.23466889996780083,0.5885822999989614
summe,44,1,Jumps,950,10,300,0.6818181872367859,0.6190475821495056,0.09358639299944756,0.12299509057125156,0.23466889996780083,0.5885822999989614
summe,42,1,Saving dolphines,6683,67,2010,0.3809524178504944,0.39024391770362854,0.04932895813599402,0.07310224666545316,5.554441499814857,3.1525323996320367
summe,43,1,Saving dolphines,6683,67,2010,0.3181818127632141,0.4390243887901306,0.03145884499993581,0.0452681499599811,5.554441499814857,3.1525323996320367
summe,44,1,Saving dolphines,6683,67,2010,0.3181818127632141,0.4390243887901306,0.05361033940817464,0.07721331005330162,5.554441499814857,3.1525323996320367
summe,42,1,paluma_jump,2574,26,780,0.2857142686843872,0.5116279125213623,-0.19452277020133404,-0.27336489055316027,0.868121899839025,1.2181952001992613
summe,43,1,paluma_jump,2574,26,780,0.41860467195510864,0.5116279125213623,-0.14531625674889756,-0.2020833615229804,0.868121899839025,1.2181952001992613
summe,44,1,paluma_jump,2574,26,780,0.23255814611911774,0.5116279125213623,-0.15662328537201062,-0.21283000425844642,0.868121899839025,1.2181952001992613
summe,42,2,Base jumping,4729,48,1439,0.3720930218696594,0.27272728085517883,-0.01135833414631387,-0.01671869135447011,2.8949606004171073,2.272057300026063
summe,43,2,Base jumping,4729,48,1439,0.604651153087616,0.3333333432674408,0.06834251901595635,0.09815735917372335,2.8949606004171073,2.272057300026063
summe,44,2,Base jumping,4729,48,1439,0.6976744532585144,0.4651162922382355,0.08278107937144008,0.1173088181573649,2.8949606004171073,2.272057300026063
summe,42,2,Car_railcrossing,5075,51,1530,0.24242424964904785,0.1764705926179886,-0.03333933728175178,-0.041000583379665355,5.240530799899716,2.4062692001461983
summe,43,2,Car_railcrossing,5075,51,1530,0.9000000357627869,0.24390242993831635,-0.03194605154460395,-0.026449551360644617,5.240530799899716,2.4062692001461983
summe,44,2,Car_railcrossing,5075,51,1530,0.9000000357627869,0.29411765933036804,-0.010847724667793863,0.003966787548129291,5.240530799899716,2.4062692001461983
summe,42,2,Excavators river crossing,9721,98,2931,0.5454545617103577,0.4545454680919647,-0.08929355672657249,-0.1254486511123778,3.302710800024215,4.579716999724042
summe,43,2,Excavators river crossing,9721,98,2931,0.27906978130340576,0.3181818127632141,-0.09799098108305683,-0.13166361528591142,3.302710800024215,4.579716999724042
summe,44,2,Excavators river crossing,9721,98,2931,0.40909090638160706,0.27272728085517883,-0.04967195688036608,-0.06967244420798958,3.302710800024215,4.579716999724042
summe,42,2,Notre_Dame,4608,47,1388,0.22727273404598236,0.40909090638160706,0.07307756515009496,0.10171226742579938,9.853547699807677,3.2729633997078054
summe,43,2,Notre_Dame,4608,47,1388,0.22727273404598236,0.40909090638160706,0.1158174465955813,0.16144201935228605,9.853547699807677,3.2729633997078054
summe,44,2,Notre_Dame,4608,47,1388,0.22727273404598236,0.4545454680919647,0.12974606867379784,0.18162724172042308,9.853547699807677,3.2729633997078054
summe,42,2,car_over_camera,4382,44,1320,0.1463414579629898,0.6190475821495056,0.2239848053861864,0.2940901131309898,1.1578129000845365,2.167919400264509
summe,43,2,car_over_camera,4382,44,1320,0.1904762089252472,0.6315789818763733,-0.10153977844173784,-0.14030803825315893,1.1578129000845365,2.167919400264509
summe,44,2,car_over_camera,4382,44,1320,0.1428571343421936,0.523809552192688,-0.15913587125532863,-0.21324975579850206,1.1578129000845365,2.167919400264509
summe,42,3,Bearpark_climbing,3341,34,1020,0.1818181872367859,0.3181818127632141,-0.3777838777359071,-0.5154529479202781,3.8425590999540873,1.682907400012482
summe,43,3,Bearpark_climbing,3341,34,1020,0.23255814611911774,0.3181818127632141,-0.26878581029246557,-0.37678850480372156,3.8425590999540873,1.682907400012482
summe,44,3,Bearpark_climbing,3341,34,1020,0.27272728085517883,0.3181818127632141,-0.34221208260166003,-0.4748546467615831,3.8425590999540873,1.682907400012482
summe,42,3,Bike Polo,3064,31,930,0.714285671710968,0.3720930218696594,-0.007206993004712547,-0.0064689867776752605,3.297968099999707,1.5845014001242816
summe,43,3,Bike Polo,3064,31,930,0.3809524178504944,0.325581431388855,-0.08500302708297951,-0.11423646732884216,3.297968099999707,1.5845014001242816
summe,44,3,Bike Polo,3064,31,930,0.23255814611911774,0.27906978130340576,-0.01806684547756707,-0.025301211697299857,3.297968099999707,1.5845014001242816
summe,42,3,Bus_in_Rock_Tunnel,5131,52,1560,0.325581431388855,0.5,-0.07366260078810945,-0.10368979900884617,1.4624394999118522,2.444237099844031
summe,43,3,Bus_in_Rock_Tunnel,5131,52,1560,0.22727273404598236,0.4545454680919647,-0.17364679928713717,-0.2511816297006726,1.4624394999118522,2.444237099844031
summe,44,3,Bus_in_Rock_Tunnel,5131,52,1560,0.22727273404598236,0.40909090638160706,-0.13312290065306157,-0.1809703691299816,1.4624394999118522,2.444237099844031
summe,42,3,Kids_playing_in_leaves,3187,32,960,0.3181818127632141,0.3181818127632141,-0.1511958504697874,-0.21394855957413256,3.4943630002089776,1.5369183998554945
summe,43,3,Kids_playing_in_leaves,3187,32,960,0.3181818127632141,0.2631578743457794,-0.19884079445518418,-0.29225801840240767,3.4943630002089776,1.5369183998554945
summe,44,3,Kids_playing_in_leaves,3187,32,960,0.3181818127632141,0.27906978130340576,-0.18366357439531986,-0.2670102618391647,3.4943630002089776,1.5369183998554945
summe,42,3,Playing_on_water_slide,3065,31,930,0.4571428596973419,0.3636363446712494,0.18231806504875314,0.25425567291113593,0.8437899001291953,1.4514099000371061
summe,43,3,Playing_on_water_slide,3065,31,930,0.5116279125213623,0.325581431388855,0.14788233397973363,0.21133319164350525,0.8437899001291953,1.4514099000371061
summe,44,3,Playing_on_water_slide,3065,31,930,0.4571428596973419,0.325581431388855,0.2257453481191277,0.3131189317274598,0.8437899001291953,1.4514099000371061
summe,42,4,Scuba,2221,23,681,0.6000000238418579,0.6499999165534973,0.1448954764945411,0.2008576235810128,2.0080606000265107,1.0840993000310846
summe,43,4,Scuba,2221,23,681,0.7727272510528564,0.5499999523162842,0.19868098362131262,0.26764680583529,2.0080606000265107,1.0840993000310846
summe,44,4,Scuba,2221,23,681,0.5499999523162842,0.5499999523162842,0.06909810702051432,0.10784212454200288,2.0080606000265107,1.0840993000310846
summe,42,4,St Maarten Landing,1751,18,540,0.5,0.4736842215061188,0.11836217461880402,0.1574894217223746,0.7598347998573445,0.8438989000860602
summe,43,4,St Maarten Landing,1751,18,540,0.5454545617103577,0.4736842215061188,0.09909629684535366,0.13945748175425673,0.7598347998573445,0.8438989000860602
summe,44,4,St Maarten Landing,1751,18,540,0.4736842215061188,0.4736842215061188,0.17083094812947733,0.22239579758312272,0.7598347998573445,0.8438989000860602
summe,42,4,Uncut_Evening_Flight,9672,97,2910,0.5,0.3333333432674408,-0.10958798384929438,-0.14988994815527315,10.19917430006899,4.582917300227564
summe,43,4,Uncut_Evening_Flight,9672,97,2910,0.40909090638160706,0.4285714030265808,-0.08622817264879605,-0.12112018379229916,10.19917430006899,4.582917300227564
summe,44,4,Uncut_Evening_Flight,9672,97,2910,0.5,0.4761904776096344,-0.03625848955903438,-0.050101848233099475,10.19917430006899,4.582917300227564
summe,42,4,Valparaiso_Downhill,5178,52,1560,0.3181818127632141,0.325581431388855,-0.13460359217138074,-0.1885522129334525,5.865723600145429,2.493283200019505
summe,43,4,Valparaiso_Downhill,5178,52,1560,0.1818181872367859,0.3076923191547394,-0.12149973495211962,-0.1686992560917088,5.865723600145429,2.493283200019505
summe,44,4,Valparaiso_Downhill,5178,52,1560,0.3181818127632141,0.41860467195510864,-0.09375039025250784,-0.1363160054205065,5.865723600145429,2.493283200019505
summe,42,4,playing_ball,3120,32,950,0.22727273404598236,0.3636363744735718,0.12819445435072666,0.19338180535408003,0.650677099940367,1.4970935000455938
summe,43,4,playing_ball,3120,32,950,0.7804878354072571,0.27272728085517883,0.17955064248511562,0.26539460609478016,0.650677099940367,1.4970935000455938
summe,44,4,playing_ball,3120,32,950,0.3181818127632141,0.3181818127632141,0.18366697817527658,0.273579459571942,0.650677099940367,1.4970935000455938
summe,42,5,Cockpit_Landing,9046,91,2730,0.5,0.27272728085517883,0.16215515618577084,0.22468165712656335,8.907625799998641,4.307013200130314
summe,43,5,Cockpit_Landing,9046,91,2730,0.40909090638160706,0.27272728085517883,0.18543009556712112,0.2575472141207079,8.907625799998641,4.307013200130314
summe,44,5,Cockpit_Landing,9046,91,2730,0.5,0.27272728085517883,0.1531144772525191,0.19948207019169745,8.907625799998641,4.307013200130314
summe,42,5,Cooking,1286,13,390,0.7619048357009888,0.3809524178504944,0.22575163172951784,0.2967690589825332,0.33299200009787455,0.610819999827072
summe,43,5,Cooking,1286,13,390,0.6363636255264282,0.325581431388855,0.11688714715280028,0.16456342326717613,0.33299200009787455,0.610819999827072
summe,44,5,Cooking,1286,13,390,0.5909090638160706,0.3720930218696594,0.2919639861549095,0.3900254021814186,0.33299200009787455,0.610819999827072
summe,42,5,Fire Domino,1612,17,492,0.3636363744735718,0.325581431388855,-0.07330357901027795,-0.1119195125126479,0.45429759996477515,0.7808751999982633
summe,43,5,Fire Domino,1612,17,492,0.3636363744735718,0.325581431388855,-0.14272866177662588,-0.20666861420082605,0.45429759996477515,0.7808751999982633
summe,44,5,Fire Domino,1612,17,492,0.3720930218696594,0.3181818127632141,-0.2672283912067805,-0.36731369050287505,0.45429759996477515,0.7808751999982633
summe,42,5,Paintball,6096,61,1830,0.8108108043670654,0.8636363744735718,0.3300989396120525,0.44527873041972454,6.0615944000310265,2.865177599946037
summe,43,5,Paintball,6096,61,1830,0.8837209343910217,0.9090909361839294,0.1941884967229208,0.28638768466648695,6.0615944000310265,2.865177599946037
summe,44,5,Paintball,6096,61,1830,0.8837209343910217,0.7727272510528564,0.18902734066383983,0.2466678396591096,6.0615944000310265,2.865177599946037
summe,42,5,Statue of Liberty,3863,39,1170,0.3636363744735718,0.40909090638160706,0.19067538264694592,0.2773287592764994,1.2537152999429964,1.829147600044962
summe,43,5,Statue of Liberty,3863,39,1170,0.5,0.3181818127632141,0.02030919017592407,0.03854319420986004,1.2537152999429964,1.829147600044962
summe,44,5,Statue of Liberty,3863,39,1170,0.5,0.40909090638160706,0.2172409584220883,0.3095442092331342,1.2537152999429964,1.829147600044962
