dataset,video,random_f1,human_f1
summe,Air_Force_One,0.5780080497264862,0.5450801471869151
summe,Excavators river crossing,0.29391458109021185,0.4833752443393072
summe,Fire Domino,0.6016597151756287,0.6353092888991038
summe,Jumps,0.21468165069818496,0.7354630788167318
summe,Kids_playing_in_leaves,0.318060152977705,0.5476117253303527
summe,Notre_Dame,0.36637208610773087,0.4130216936270396
summe,Paintball,0.5451124638319016,0.6380402305546928
summe,Playing_on_water_slide,0.29453902319073677,0.4150428831577301
summe,Saving dolphines,0.30103500187397003,0.3959748804569244
summe,Scuba,0.46274628192186357,0.48879368164960074
summe,St Maarten Landing,0.49059468507766724,0.755110593403087
summe,Base jumping,0.2872346416115761,0.47771017418967354
summe,Statue of Liberty,0.478996117413044,0.5259019872721504
summe,Uncut_Evening_Flight,0.22858161628246307,0.5482393046220143
summe,Valparaiso_Downhill,0.3773400977253914,0.46247478226820626
summe,car_over_camera,0.6611784636974335,0.6174077451229095
summe,paluma_jump,0.3067764945328236,0.6977979818979899
summe,playing_ball,0.5788686960935593,0.5680614672601223
summe,Bearpark_climbing,0.4172069251537323,0.43460559050242104
summe,Bike Polo,0.42508908063173295,0.5648234347502391
summe,Bus_in_Rock_Tunnel,0.3192658111453056,0.41424084107081094
summe,Car_railcrossing,0.2399595148861408,0.5762473680078983
summe,Cockpit_Landing,0.29990833401679995,0.45398035446802776
summe,Cooking,0.5586369693279266,0.6669081484570223
summe,Eiffel Tower,0.43062764406204224,0.5205513755480449
tvsum,AwmHb44_ouw,0.643473094701767,0.6287256449460983
tvsum,akI8YFjEmUw,0.41813602026551966,0.38005982690343726
tvsum,i3wAGJaaktw,0.6036967828869819,0.6097201392054558
tvsum,Bhxk-O1Y7Ho,0.5941250324249268,0.6233306586742401
tvsum,0tmA_C6XwfM,0.4601308309286833,0.4519411154483494
tvsum,3eYKfiOEJNs,0.4811977272853255,0.5137688770890236
tvsum,xxdtq8mxegs,0.5909558087587357,0.6240536078810692
tvsum,WG0MBPpPC6I,0.5673253387212753,0.5619593665003777
tvsum,Hl-__g2gn_A,0.5892466604709625,0.5815592139959336
tvsum,Yi4Ij2NM7U4,0.6878925025463104,0.6589936017990112
tvsum,37rzWOQsNIw,0.5859282702207566,0.5805936396121979
tvsum,98MoyGZKHXc,0.4739749446511269,0.5484948605298996
tvsum,LRw_obCPUt0,0.5697522446513176,0.5683098256587982
tvsum,cjibtmSLxQ4,0.47533196657896043,0.5069580942392349
tvsum,b626MiF1ew4,0.5758514493703842,0.49582830667495725
tvsum,XkqCExn6_Us,0.4771718606352806,0.47420660853385926
tvsum,GsAD1KT1xo8,0.520773521065712,0.48602115213871
tvsum,PJrm840pAUI,0.49589345306158067,0.43373408913612366
tvsum,91IHQYk1IQM,0.554405328631401,0.524471440911293
tvsum,RBCABdttQmI,0.46033099144697187,0.4507786214351654
tvsum,z_6gVvQb2d0,0.4824654757976532,0.5644753813743592
tvsum,fWutDQy1nnY,0.48244123458862304,0.5057389616966248
tvsum,J0nA4VgnoCo,0.5699356108903885,0.5897666454315186
tvsum,4wU_LUjG5Ic,0.516777029633522,0.4234353482723236
tvsum,VuWGsYPqAX8,0.6386314332485199,0.6367149591445923
tvsum,JKpqYvAdIsw,0.5955196127295495,0.587799483537674
tvsum,xmEERLqJ2kU,0.5429367184638977,0.5573363646864891
tvsum,byxOvuiIJV0,0.5074346408247947,0.5177372962236404
tvsum,_xMr-HKMfVA,0.60095294713974,0.6293894052505493
tvsum,WxtbjNsCQ8A,0.5999373763799667,0.5534813717007637
tvsum,uGu_10sucQo,0.37114267898723485,0.3803273691746749
tvsum,EE-bNr36nyA,0.4722394675016403,0.38307257484840723
tvsum,Se3oxnaPsz0,0.4719809010624886,0.5625206738710403
tvsum,gzDbaEs1Rlg,0.5698624446988105,0.5577918797731399
tvsum,oDXZc0tZe04,0.531451740860939,0.455899016559124
tvsum,qqR6AEXwxoQ,0.7935796082019806,0.7847441226243973
tvsum,EYqVtI9YWJA,0.583129620552063,0.5687821567058563
tvsum,eQu1rNs0an0,0.5909158304333687,0.6108720600605011
tvsum,JgHubY5Vw3Y,0.6665551468729973,0.6264415219426155
tvsum,iVt07TCkFM0,0.6704286545515059,0.6304052072528161
tvsum,E11zDS9XGzg,0.5404528766870499,0.5092480510473252
tvsum,NyBmCxDoHJU,0.5027497664093972,0.4798349529504776
tvsum,kLxoNp-UchI,0.4314469411969185,0.3722925452025313
tvsum,jcoYJXDG9sw,0.48898620456457137,0.5661513149738312
tvsum,XzYM3PfTM4w,0.6117260605096817,0.5759715288877487
tvsum,-esJrBWj2d8,0.5180470183491707,0.5011598408222199
tvsum,HT5vyqe0Xaw,0.5644096076488495,0.5803383350372314
tvsum,sTEELN-vY30,0.5226619958877563,0.5264629676938057
tvsum,vdmoEJ5YbrQ,0.461049747467041,0.433914490044117
tvsum,xwqBXPGE9pQ,0.580998170375824,0.5422180563211441
