dataset,compared,pre_specified,n_videos,mean_diff,ci_low,ci_high,wilcoxon_p,tost_margin,tost_p
tvsum,googlenet/full_temporal,True,50,0.02387636409868277,0.0074351656367193575,0.04155516823823873,0.012931948668784443,0.02,0.669803747061242
tvsum,mobilenetv3_large_100/full_temporal,True,50,0.01423647553576272,-0.004024280411734927,0.0338369555082948,0.24513084584396871,0.02,0.28000489591258365
tvsum,mobilenetv3_small_100/proposed,True,50,-0.024197987106434882,-0.04642982738357587,-0.002388914840152172,0.01330480151673541,0.02,0.6414312030121686
tvsum,mobilevit_xxs/proposed,True,50,-0.005792910221133365,-0.02607407532183124,0.016133650324699957,0.3988547028530327,0.02,0.09715664250280753
tvsum,mobilevitv2_050/full_temporal,True,50,0.01287632804719951,-0.01013150357167046,0.037017440128836045,0.2866420365460076,0.02,0.27944925124648057
tvsum,mobilevitv2_050/pure,True,50,-0.025117386635783046,-0.052198247207964024,0.00022871633575805912,0.05803543429142444,0.02,0.6479825553534868
tvsum,resnet50/full_temporal,True,50,0.020476401669104218,0.004667091518768141,0.03692790431499838,0.02237794255729675,0.02,0.5225841493970258
tvsum,vit_base_patch16_224/full_temporal,True,50,0.03328985214692983,0.014274558540426545,0.053972838932711716,0.001235703558341683,0.02,0.9001604643658018
tvsum,mobilenetv3_small_100/full_temporal,False,50,-0.001567863281327701,-0.017992428439938923,0.01617667943389436,0.47831983611594175,0.02,0.021003418349684215
tvsum,mobilenetv3_small_100/pure,False,50,-0.00013056386797954012,-0.015615691289105558,0.01603490524159211,0.7887529519630228,0.02,0.010072841765382997
tvsum,mobilenetv3_small_100/surgery_only,False,50,-0.031177606937412373,-0.0542922831881559,-0.006713520913941763,0.009674503529771172,0.02,0.8155023589652559
tvsum,mobilevit_xxs/full_temporal,False,50,-0.008728348380724234,-0.031688910117834285,0.014158448523186965,0.30905100446984335,0.02,0.17384161239274962
tvsum,mobilevit_xxs/pure,False,50,-0.012397687753756494,-0.03275280360795337,0.007181438506769359,0.09709384967839618,0.02,0.2324405396780107
tvsum,mobilevit_xxs/surgery_only,False,50,-0.013509931041796683,-0.03299521835368368,0.006680582761058388,0.16001685587048975,0.02,0.26416510766019624
tvsum,mobilevitv2_050/surgery_only,False,50,0.0030628391844839255,-0.005248056581238673,0.011497928955473595,0.4723763440876976,0.02,0.00012510615793049308
summe,googlenet/full_temporal,True,25,-0.038893812098668636,-0.13322296298249076,0.05293484049125155,0.5601714849472046,0.02,0.6502146685677453
summe,mobilenetv3_large_100/full_temporal,True,25,-0.05371728224383092,-0.14521205104773785,0.037791183055149107,0.4107651710510254,0.02,0.7618517690976717
summe,mobilenetv3_small_100/proposed,True,25,-0.03350041022577363,-0.12711475398582214,0.0628015105068823,0.3525196313858032,0.02,0.6067732218072586
summe,mobilevit_xxs/proposed,True,25,-0.03893239615035305,-0.10642167211402276,0.02611739888821761,0.457846462726593,0.02,0.7066845455499366
summe,mobilevitv2_050/full_temporal,True,25,-0.05603106558519245,-0.13716857050857892,0.025386898382634714,0.17295855283737183,0.02,0.8007149367195288
summe,mobilevitv2_050/pure,True,25,-0.02814178522173402,-0.12023162870378194,0.0641502301793993,0.7509929537773132,0.02,0.5673278349996493
summe,resnet50/full_temporal,True,25,-0.0784233655643764,-0.1580472162487006,-0.0024232768828016255,0.12664812803268433,0.02,0.9188951048072064
summe,vit_base_patch16_224/full_temporal,True,25,0.00415090117673314,-0.0831008419530626,0.08727951889549412,0.8531995415687561,0.02,0.3628103260187422
summe,mobilenetv3_small_100/full_temporal,False,25,0.0001531111018184117,-0.08674404900101673,0.08831688860789652,0.9578450322151184,0.02,0.3329807762309717
summe,mobilenetv3_small_100/pure,False,25,0.001809733508235074,-0.09931537129087965,0.10763828892488661,0.8325093984603882,0.02,0.36824692333446135
summe,mobilenetv3_small_100/surgery_only,False,25,0.005520006801651795,-0.09695049014891689,0.11174770276406903,0.7914759516716003,0.02,0.3952144222410565
summe,mobilevit_xxs/full_temporal,False,25,-0.032642222307624515,-0.10762384460168445,0.04235226088327015,0.4418373703956604,0.02,0.624902185472924
summe,mobilevit_xxs/pure,False,25,-0.019860672396404898,-0.11768045961100392,0.08201069400682806,0.4107651710510254,0.02,0.4989388596136733
summe,mobilevit_xxs/surgery_only,False,25,0.001978912103670506,-0.08586823495927005,0.08881650543133372,0.7914759516716003,0.02,0.3491417457705578
summe,mobilevitv2_050/surgery_only,False,25,-0.007383111790235395,-0.03486110941887128,0.01863280543463013,0.7914759516716003,0.02,0.18943417640717622
