backbone,config,frames,mode,threads,frames_in_memory_mb,baseline_mb,total_ram_mb,avail_ram_mb,time_s,peak_ram_mb,peak_ram_increase_mb,peak_private_increase_mb,status,stream_check_max_diff,predicted_need_mb
mobilevitv2_050,proposed,30,all_at_once,4.0,17.2,499.6953125,24283.8671875,6522.60546875,0.2674467000178993,872.1796875,372.484375,399.3828125,ok,0.0,
mobilevitv2_050,proposed,30,streaming,4.0,17.2,499.1875,24283.8671875,6501.64453125,0.24416800000471994,850.40234375,351.21484375,375.484375,ok,,
mobilevitv2_050,proposed,60,all_at_once,4.0,34.5,498.65234375,24283.8671875,6452.2421875,0.49476359999971464,1224.28515625,725.6328125,764.51953125,ok,,
mobilevitv2_050,proposed,60,streaming,4.0,17.2,499.28515625,24283.8671875,6486.06640625,0.4689376000314951,849.92578125,350.640625,378.984375,ok,,
mobilevitv2_050,proposed,100,all_at_once,4.0,57.4,499.66015625,24283.8671875,6543.84375,0.9326973000424914,1689.78125,1190.12109375,1243.83984375,ok,,
mobilevitv2_050,proposed,100,streaming,4.0,17.2,498.87890625,24283.8671875,6583.26953125,0.7466757000074722,860.0859375,361.20703125,396.94921875,ok,,
mobilevitv2_050,proposed,150,all_at_once,4.0,86.1,499.08203125,24283.8671875,6584.00390625,1.428493800049182,2179.77734375,1680.6953125,1706.46484375,ok,,
mobilevitv2_050,proposed,150,streaming,4.0,17.2,499.3046875,24283.8671875,6590.33203125,1.0758810000261292,850.3046875,351.0,379.62109375,ok,,
mobilevitv2_050,proposed,300,all_at_once,4.0,172.3,498.21875,24283.8671875,6586.65234375,3.4775131000205874,3596.5390625,3098.3203125,3150.3359375,ok,,
mobilevitv2_050,proposed,300,streaming,4.0,17.2,499.1171875,24283.8671875,6735.9921875,2.172886800020933,850.2109375,351.09375,408.5546875,ok,,
mobilevitv2_050,proposed,600,all_at_once,,,,,7233.4375,,,,,لم يُشغَّل: يحتاج ~7.4 GB (المتاح 7.1 GB),,7624.355468749999
mobilevitv2_050,proposed,600,streaming,4.0,17.2,499.24609375,24283.8671875,6745.1640625,4.203890000004321,851.55078125,352.3046875,410.4375,ok,,
mobilevitv2_050,proposed,1200,all_at_once,,,,,7245.30859375,,,,,لم يُشغَّل: يحتاج ~14.4 GB (المتاح 7.1 GB),,14750.492187499998
mobilevitv2_050,proposed,1200,streaming,4.0,17.2,498.73046875,24283.8671875,6686.15625,8.431088599958457,861.93359375,363.203125,411.9765625,ok,,
mobilevitv2_050,proposed,2400,all_at_once,,,,,7203.25390625,,,,,لم يُشغَّل: يحتاج ~28.3 GB (المتاح 7.0 GB),,29002.765624999996
mobilevitv2_050,proposed,2400,streaming,4.0,17.2,498.57421875,24283.8671875,6711.12109375,17.423215999966487,863.19140625,364.6171875,415.00390625,ok,,
mobilenetv3_small_100,pure,30,all_at_once,4.0,17.2,504.24609375,24283.8671875,6705.28125,0.08445600001141429,641.44140625,137.1953125,174.40625,ok,0.0,
mobilenetv3_small_100,pure,30,streaming,4.0,17.2,503.81640625,24283.8671875,6710.265625,0.0863277000025846,621.13671875,117.3203125,149.890625,ok,,
mobilenetv3_small_100,pure,60,all_at_once,4.0,34.5,504.3046875,24283.8671875,6723.77734375,0.15221769997151569,770.69140625,266.38671875,317.76171875,ok,,
mobilenetv3_small_100,pure,60,streaming,4.0,17.2,503.87890625,24283.8671875,6772.8984375,0.13760010001715273,641.0,137.12109375,178.1953125,ok,,
mobilenetv3_small_100,pure,100,all_at_once,4.0,57.4,504.36328125,24283.8671875,6730.2265625,0.24951439996948466,936.8203125,432.45703125,494.37109375,ok,,
mobilenetv3_small_100,pure,100,streaming,4.0,17.2,504.37890625,24283.8671875,6708.984375,0.24052169994683936,645.6875,141.30859375,194.171875,ok,,
mobilenetv3_small_100,pure,150,all_at_once,4.0,86.1,503.42578125,24283.8671875,6748.94921875,0.3686091999989003,1174.1796875,670.75390625,743.94140625,ok,,
mobilenetv3_small_100,pure,150,streaming,4.0,17.2,504.0,24283.8671875,6766.7578125,0.32056500000180677,642.0078125,138.0078125,178.75390625,ok,,
mobilenetv3_small_100,pure,300,all_at_once,4.0,172.3,504.65234375,24283.8671875,6684.62890625,0.881476299953647,1899.80078125,1395.1484375,1530.66015625,ok,,
mobilenetv3_small_100,pure,300,streaming,4.0,17.2,504.3671875,24283.8671875,6677.64453125,0.615077199996449,641.890625,137.5234375,178.03125,ok,,
mobilenetv3_small_100,pure,600,all_at_once,4.0,344.5,504.265625,24283.8671875,6677.44921875,1.555575200007297,2935.85546875,2431.58984375,2483.203125,ok,,
mobilenetv3_small_100,pure,600,streaming,4.0,17.2,504.21875,24283.8671875,6808.76953125,1.222037100000307,642.92578125,138.70703125,178.30859375,ok,,
mobilenetv3_small_100,pure,1200,all_at_once,,,,,7317.09765625,,,,,لم يُشغَّل: يحتاج ~6.0 GB (المتاح 7.1 GB),,6096.922265624999
mobilenetv3_small_100,pure,1200,streaming,4.0,17.2,504.1015625,24283.8671875,6936.21875,2.356007300026249,643.15234375,139.05078125,177.90234375,ok,,
mobilenetv3_small_100,pure,2400,all_at_once,,,,,7436.29296875,,,,,لم يُشغَّل: يحتاج ~11.4 GB (المتاح 7.3 GB),,11689.578906249999
mobilenetv3_small_100,pure,2400,streaming,4.0,17.2,503.9921875,24283.8671875,6924.578125,4.899697199987713,643.21484375,139.22265625,178.23046875,ok,,
