dataset,backbone,config,latency_ms,frames_per_s,peak_mem_mb,realtime_factor_model,decode_ms,realtime_factor_end_to_end,params,size_fp32_mb,size_fp16_mb,gflops_per_video,gflops_per_frame
summe,googlenet,full_temporal,13.687295913696287,2191.8135027664807,214.669921875,11255.197949464826,868.6485999787692,158.1127051125303,5794657,22.10486221313477,11.052431106567385,89.85314688,2.995104896
summe,mobilenetv3_large_100,full_temporal,7.969792127609253,3764.2136105498757,194.55810546875,18123.227109451534,868.6485999787692,158.92793530524335,4413169,16.834903717041016,8.417451858520508,12.931584,0.4310528
summe,mobilenetv3_small_100,full_temporal,7.76798415184021,3862.005819475455,110.193359375,18793.776002989594,868.6485999787692,158.8095834680177,1712609,6.533084869384766,3.266542434692383,3.34119936,0.111373312
summe,mobilenetv3_small_100,proposed,5.479840040206909,5474.612357273708,92.58837890625,27506.737943402397,868.6485999787692,159.34019114771382,322809,1.2314186096191406,0.6157093048095703,2.11712064,0.070570688
summe,mobilenetv3_small_100,pure,6.02507209777832,4979.193528831327,107.7177734375,23160.63878670279,868.6485999787692,159.32026072250756,1587681,6.056522369384766,3.028261184692383,3.33336576,0.111112192
summe,mobilenetv3_small_100,surgery_only,4.470752000808716,6710.2805064054755,91.65966796875,30873.473250326217,868.6485999787692,159.24274535172785,197881,0.7548561096191406,0.3774280548095703,2.10928704,0.070309568
summe,mobilevit_xxs,full_temporal,11.766960144042969,2549.511482384643,147.330078125,12521.26694421983,868.6485999787692,158.45820251953654,1100721,4.198917388916016,2.099458694458008,18.07982976,0.602660992
summe,mobilevit_xxs,proposed,13.288559913635254,2257.580971525538,144.97998046875,11300.72674247641,868.6485999787692,157.9424394066351,624657,2.382877349853516,1.1914386749267578,16.43582592,0.547860864
summe,mobilevit_xxs,pure,10.208847999572754,2938.6273555307625,146.0693359375,14762.27334813692,868.6485999787692,158.6206957023605,975793,3.722354888916016,1.861177444458008,18.07199616,0.602399872
summe,mobilevit_xxs,surgery_only,8.220224380493164,3649.535415504093,143.71923828125,18946.34215224139,868.6485999787692,158.91917711138774,499729,1.906314849853516,0.9531574249267578,16.42799232,0.547599744
summe,mobilevitv2_050,full_temporal,22.957568168640137,1306.7586157047665,193.20263671875,6463.638620558682,868.6485999787692,156.83172289696205,1259194,4.803443908691406,2.401721954345703,21.71069568,0.723689856
summe,mobilevitv2_050,proposed,10.011119842529297,2996.6677526477933,179.74951171875,15270.102355964164,868.6485999787692,158.67121832788993,660151,2.5182762145996094,1.259138107299805,18.96104832,0.632034944
summe,mobilevitv2_050,pure,12.68172836303711,2365.608152232602,192.27392578125,9614.410521233607,868.6485999787692,158.4302455700028,1134266,4.326881408691406,2.163440704345703,21.70286208,0.723428736
summe,mobilevitv2_050,surgery_only,10.11187219619751,2966.8096488878946,178.48876953125,14124.799732920203,868.6485999787692,158.61032880310853,535223,2.0417137145996094,1.020856857299805,18.95321472,0.6317738239999999
summe,resnet50,full_temporal,24.59335994720459,1219.8414557588726,303.6259765625,6326.713300868698,868.6485999787692,156.52040572591767,23768321,90.66894912719728,45.33447456359863,245.24412288,8.174804095999999
summe,vit_base_patch16_224,full_temporal,59.26740837097168,506.1803919655371,701.333984375,2602.751797410105,868.6485999787692,151.66122471187097,85977025,327.97632217407227,163.98816108703613,1053.79464576,35.126488192000004
tvsum,googlenet,full_temporal,13.752520084381104,2181.418373936523,214.1875,14327.987134456267,346.1286500096321,555.4748895515407,5794657,22.10486221313477,11.052431106567385,89.85314688,2.995104896
tvsum,mobilenetv3_large_100,full_temporal,7.983200192451477,3757.8914817101204,194.55810546875,23987.221545742956,346.1286500096321,563.4417309655779,4413169,16.834903717041016,8.417451858520508,12.931584,0.4310528
tvsum,mobilenetv3_small_100,full_temporal,7.157015919685364,4191.691109346989,110.193359375,27292.637326934855,346.1286500096321,565.8889851427401,1712609,6.533084869384766,3.266542434692383,3.34119936,0.111373312
tvsum,mobilenetv3_small_100,proposed,5.9957520961761475,5003.542427835335,92.58837890625,33309.05774703529,346.1286500096321,565.3023835754041,322809,1.2314186096191406,0.6157093048095703,2.11712064,0.070570688
tvsum,mobilenetv3_small_100,pure,5.813791990280151,5160.143336768121,107.9833984375,34572.63563128484,346.1286500096321,568.2810112843279,1587681,6.056522369384766,3.028261184692383,3.33336576,0.111112192
tvsum,mobilenetv3_small_100,surgery_only,8.360192060470581,3588.4343066529204,91.65966796875,23405.191312914787,346.1286500096321,563.9777765248327,197881,0.7548561096191406,0.3774280548095703,2.10928704,0.070309568
tvsum,mobilevit_xxs,full_temporal,10.792608261108398,2779.6802472768527,147.1640625,18482.533774474723,346.1286500096321,560.3173738904786,1100721,4.198917388916016,2.099458694458008,18.07982976,0.602660992
tvsum,mobilevit_xxs,proposed,8.60694408416748,3485.5576737375536,144.81396484375,23238.49294679778,346.1286500096321,563.5163538478834,624657,2.382877349853516,1.1914386749267578,16.43582592,0.547860864
tvsum,mobilevit_xxs,pure,9.512680053710938,3153.685378948162,146.0693359375,20735.027088988878,346.1286500096321,562.1673149917336,975793,3.722354888916016,1.861177444458008,18.07199616,0.602399872
tvsum,mobilevit_xxs,surgery_only,8.190679788589478,3662.6996506191485,143.71923828125,24155.875484523694,346.1286500096321,564.1145968591682,499729,1.906314849853516,0.9531574249267578,16.42799232,0.547599744
tvsum,mobilevitv2_050,full_temporal,12.016608238220215,2496.544732529561,193.20263671875,16264.807215025383,346.1286500096321,558.2219755265093,1259194,4.803443908691406,2.401721954345703,21.71069568,0.723689856
tvsum,mobilevitv2_050,proposed,10.004960060119629,2998.5127196640997,179.41748046875,19866.054907755744,346.1286500096321,561.3415233251106,660151,2.5182762145996094,1.259138107299805,18.96104832,0.632034944
tvsum,mobilevitv2_050,pure,11.547688245773315,2597.9225764932303,192.27392578125,17174.072554653932,346.1286500096321,558.9625330760887,1134266,4.326881408691406,2.163440704345703,21.70286208,0.723428736
tvsum,mobilevitv2_050,surgery_only,9.556440114974976,3139.2442833383,178.48876953125,20772.59936471806,346.1286500096321,562.060232974042,535223,2.0417137145996094,1.020856857299805,18.95321472,0.6317738239999999
tvsum,resnet50,full_temporal,24.406784057617188,1229.1664452464893,303.8935546875,8168.545813307355,346.1286500096321,539.5074288728333,23768321,90.66894912719728,45.33447456359863,245.24412288,8.174804095999999
tvsum,vit_base_patch16_224,full_temporal,59.144935607910156,507.2285512132292,701.4287109375,3364.535650046618,346.1286500096321,495.33893781203346,85977025,327.97632217407227,163.98816108703613,1053.79464576,35.126488192000004
