dataset,compared,metric,n_videos,n_seeds,mean_diff,ci_low,ci_high,margin,tost_p,verdict,params_compared,params_ratio_vs_proposed
tvsum,mobilevitv2_050/full_temporal,tau_ann,50,3,0.012876328047199515,-0.01013150357167046,0.037017440128836045,0.02,0.2794492512464807,inconclusive,1259194,1.907433299351209
tvsum,mobilevitv2_050/full_temporal,f1_strict,50,3,0.0024393936196962962,-0.01927310649917151,0.024273106000324077,0.015,0.13260599816273289,inconclusive,1259194,1.907433299351209
tvsum,mobilevitv2_050/pure,tau_ann,50,3,-0.02511738663578305,-0.052198247207964024,0.00022871633575805803,0.02,0.6479825553534868,inconclusive,1134266,1.7181917470396924
tvsum,mobilevitv2_050/pure,f1_strict,50,3,-0.013939394148687523,-0.03378863624688238,0.004803788359090678,0.015,0.45763853007182753,inconclusive,1134266,1.7181917470396924
tvsum,mobilevit_xxs/proposed,tau_ann,50,3,-0.0057929102211333626,-0.02607407532183124,0.016133650324699957,0.02,0.09715664250280762,inconclusive,624657,0.9462335132416675
tvsum,mobilevit_xxs/proposed,f1_strict,50,3,-0.017772727664560083,-0.03983409172864632,0.003530681553886584,0.015,0.5968592017723497,inconclusive,624657,0.9462335132416675
tvsum,mobilenetv3_small_100/proposed,tau_ann,50,3,-0.024197987106434882,-0.04642982738357587,-0.002388914840152171,0.02,0.6414312030121686,inconclusive,322809,0.48899266985886564
tvsum,mobilenetv3_small_100/proposed,f1_strict,50,3,-0.019409091632813222,-0.040181818997922045,3.7843609849016783e-07,0.015,0.6618011201703853,inconclusive,322809,0.48899266985886564
tvsum,mobilenetv3_large_100/full_temporal,tau_ann,50,3,0.014236475535762717,-0.004024280411734927,0.0338369555082948,0.02,0.2800048959125836,inconclusive,4413169,6.685090229356617
tvsum,mobilenetv3_large_100/full_temporal,f1_strict,50,3,-0.006363636362055942,-0.025136363416009895,0.012803030509967344,0.015,0.19239925354466575,inconclusive,4413169,6.685090229356617
tvsum,googlenet/full_temporal,tau_ann,50,3,0.023876364098682767,0.0074351656367193575,0.041555168238238724,0.02,0.6698037470612419,inconclusive,5794657,8.777775084791207
tvsum,googlenet/full_temporal,f1_strict,50,3,0.004969697352498763,-0.011560605505326156,0.023668940072040963,0.015,0.1384680929110008,inconclusive,5794657,8.777775084791207
tvsum,resnet50/full_temporal,tau_ann,50,3,0.020476401669104218,0.00466709151876814,0.03692790431499838,0.02,0.5225841493970259,inconclusive,23768321,36.00437021226962
tvsum,resnet50/full_temporal,f1_strict,50,3,0.002969696929057438,-0.015030302918329836,0.02101553057916461,0.015,0.10116868749456355,inconclusive,23768321,36.00437021226962
tvsum,vit_base_patch16_224/full_temporal,tau_ann,50,3,0.03328985214692983,0.014274558540426545,0.053972838932711716,0.02,0.9001604643658017,inconclusive,85977025,130.23842272449787
tvsum,vit_base_patch16_224/full_temporal,f1_strict,50,3,0.004924242131412024,-0.014576136799405023,0.025758333464122048,0.015,0.17073581973644048,inconclusive,85977025,130.23842272449787
