backbone,config,frames,mode,vram_mb,peak_mb,exceeds_vram,latency_ms,status,chunk_check_max_diff
mobilevitv2_050,proposed,30,all_at_once,8187.5,161.35400390625,False,16.59391975402832,ok,0.00023736059665679932
mobilevitv2_050,proposed,30,chunked_30,8187.5,144.90087890625,False,17.140640258789062,ok,
mobilevitv2_050,proposed,60,all_at_once,8187.5,310.83837890625,False,19.29292869567871,ok,
mobilevitv2_050,proposed,60,chunked_30,8187.5,145.115234375,False,26.312511444091797,ok,
mobilevitv2_050,proposed,100,all_at_once,8187.5,512.49462890625,False,33.48275375366211,ok,
mobilevitv2_050,proposed,100,chunked_30,8187.5,145.12646484375,False,49.21753692626953,ok,
mobilevitv2_050,proposed,150,all_at_once,8187.5,759.04150390625,False,52.433921813964844,ok,
mobilevitv2_050,proposed,150,chunked_30,8187.5,145.14892578125,False,59.83027267456055,ok,
mobilevitv2_050,proposed,300,all_at_once,8187.5,1506.46337890625,False,109.4427490234375,ok,
mobilevitv2_050,proposed,300,chunked_30,8187.5,145.205078125,False,117.12739562988281,ok,
mobilevitv2_050,proposed,600,all_at_once,8187.5,2998.49462890625,False,227.8634490966797,ok,
mobilevitv2_050,proposed,600,chunked_30,8187.5,145.3173828125,False,217.63597106933594,ok,
mobilevitv2_050,proposed,1200,all_at_once,8187.5,5986.68212890625,False,875.0489501953125,ok,
mobilevitv2_050,proposed,1200,chunked_30,8187.5,145.5419921875,False,421.4954833984375,ok,
mobilevitv2_050,proposed,2400,all_at_once,8187.5,11958.18212890625,True,,ok_spilled_to_shared_memory,
mobilevitv2_050,proposed,2400,chunked_30,8187.5,145.9912109375,False,808.8955078125,ok,
mobilevitv2_050,full_temporal,30,all_at_once,8187.5,176.42822265625,False,11.121664047241211,ok,0.00047187507152557373
mobilevitv2_050,full_temporal,30,chunked_30,8187.5,158.68603515625,False,12.6310396194458,ok,
mobilevitv2_050,full_temporal,60,all_at_once,8187.5,336.10791015625,False,22.631328582763672,ok,
mobilevitv2_050,full_temporal,60,chunked_30,8187.5,160.033203125,False,24.7193603515625,ok,
mobilevitv2_050,full_temporal,100,all_at_once,8187.5,553.07666015625,False,38.26995086669922,ok,
mobilevitv2_050,full_temporal,100,chunked_30,8187.5,160.0478515625,False,41.170654296875,ok,
mobilevitv2_050,full_temporal,150,all_at_once,8187.5,818.76416015625,False,59.61289596557617,ok,
mobilevitv2_050,full_temporal,150,chunked_30,8187.5,160.0771484375,False,59.38585662841797,ok,
mobilevitv2_050,full_temporal,300,all_at_once,8187.5,1623.60791015625,False,124.53385925292969,ok,
mobilevitv2_050,full_temporal,300,chunked_30,8187.5,160.150390625,False,164.57215881347656,ok,
mobilevitv2_050,full_temporal,600,all_at_once,8187.5,3230.48291015625,False,281.0541076660156,ok,
mobilevitv2_050,full_temporal,600,chunked_30,8187.5,160.296875,False,325.961669921875,ok,
mobilevitv2_050,full_temporal,1200,all_at_once,8187.5,6448.35791015625,False,978.9407348632812,ok,
mobilevitv2_050,full_temporal,1200,chunked_30,8187.5,160.58984375,False,612.4803466796875,ok,
mobilevitv2_050,full_temporal,2400,all_at_once,8187.5,12879.23291015625,True,,ok_spilled_to_shared_memory,
mobilevitv2_050,full_temporal,2400,chunked_30,8187.5,161.17578125,False,1300.1595458984375,ok,
mobilenetv3_small_100,proposed,30,all_at_once,8187.5,74.58740234375,False,4.982783794403076,ok,6.27562403678894e-05
mobilenetv3_small_100,proposed,30,chunked_30,8187.5,63.8701171875,False,12.018815994262695,ok,
mobilenetv3_small_100,proposed,60,all_at_once,8187.5,137.13818359375,False,7.8651838302612305,ok,
mobilenetv3_small_100,proposed,60,chunked_30,8187.5,64.2373046875,False,18.45248031616211,ok,
mobilenetv3_small_100,proposed,100,all_at_once,8187.5,223.86474609375,False,10.71622371673584,ok,
mobilenetv3_small_100,proposed,100,chunked_30,8187.5,64.240234375,False,31.5361270904541,ok,
mobilenetv3_small_100,proposed,150,all_at_once,8187.5,326.47021484375,False,11.389056205749512,ok,
mobilenetv3_small_100,proposed,150,chunked_30,8187.5,64.24609375,False,37.594112396240234,ok,
mobilenetv3_small_100,proposed,300,all_at_once,8187.5,643.89208984375,False,25.151487350463867,ok,
mobilenetv3_small_100,proposed,300,chunked_30,8187.5,64.2607421875,False,69.61254119873047,ok,
mobilenetv3_small_100,proposed,600,all_at_once,8187.5,1273.93115234375,False,52.803585052490234,ok,
mobilenetv3_small_100,proposed,600,chunked_30,8187.5,64.2900390625,False,130.99725341796875,ok,
mobilenetv3_small_100,proposed,1200,all_at_once,8187.5,2539.08740234375,False,106.21849822998047,ok,
mobilenetv3_small_100,proposed,1200,chunked_30,8187.5,64.3486328125,False,256.4027404785156,ok,
mobilenetv3_small_100,proposed,2400,all_at_once,8187.5,5064.58740234375,False,212.3704376220703,ok,
mobilenetv3_small_100,proposed,2400,chunked_30,8187.5,64.4658203125,False,507.93267822265625,ok,
mobilenetv3_small_100,pure,30,all_at_once,8187.5,90.755859375,False,12.360992431640625,ok,1.4901161193847656e-07
mobilenetv3_small_100,pure,30,chunked_30,8187.5,72.490234375,False,12.477439880371094,ok,
mobilenetv3_small_100,pure,60,all_at_once,8187.5,163.912109375,False,7.827455997467041,ok,
mobilenetv3_small_100,pure,60,chunked_30,8187.5,75.78662109375,False,21.203712463378906,ok,
mobilenetv3_small_100,pure,100,all_at_once,8187.5,266.146484375,False,12.827775955200195,ok,
mobilenetv3_small_100,pure,100,chunked_30,8187.5,75.97607421875,False,42.74995040893555,ok,
mobilenetv3_small_100,pure,150,all_at_once,8187.5,387.537109375,False,13.403200149536133,ok,
mobilenetv3_small_100,pure,150,chunked_30,8187.5,75.96240234375,False,49.79609680175781,ok,
mobilenetv3_small_100,pure,300,all_at_once,8187.5,762.380859375,False,29.86515235900879,ok,
mobilenetv3_small_100,pure,300,chunked_30,8187.5,76.25537109375,False,99.38227081298828,ok,
mobilenetv3_small_100,pure,600,all_at_once,8187.5,1507.263671875,False,63.887359619140625,ok,
mobilenetv3_small_100,pure,600,chunked_30,8187.5,76.84130859375,False,194.1895751953125,ok,
mobilenetv3_small_100,pure,1200,all_at_once,8187.5,3003.044921875,False,129.293212890625,ok,
mobilenetv3_small_100,pure,1200,chunked_30,8187.5,77.65380859375,False,393.68670654296875,ok,
mobilenetv3_small_100,pure,2400,all_at_once,8187.5,5986.982421875,False,259.7088928222656,ok,
mobilenetv3_small_100,pure,2400,chunked_30,8187.5,80.68896484375,False,763.1586303710938,ok,
resnet50,full_temporal,30,all_at_once,8187.5,298.30712890625,False,26.173664093017578,ok,0.0
resnet50,full_temporal,30,chunked_30,8187.5,280.30712890625,False,28.77337646484375,ok,
resnet50,full_temporal,60,all_at_once,8187.5,468.556640625,False,55.986976623535156,ok,
resnet50,full_temporal,60,chunked_30,8187.5,326.56298828125,False,54.372161865234375,ok,
resnet50,full_temporal,100,all_at_once,8187.5,716.384765625,False,97.32608032226562,ok,
resnet50,full_temporal,100,chunked_30,8187.5,316.65625,False,88.24114990234375,ok,
resnet50,full_temporal,150,all_at_once,8187.5,1020.369140625,False,148.23936462402344,ok,
resnet50,full_temporal,150,chunked_30,8187.5,326.91455078125,False,133.52243041992188,ok,
resnet50,full_temporal,300,all_at_once,8187.5,1940.056640625,False,300.8511962890625,ok,
resnet50,full_temporal,300,chunked_30,8187.5,326.60986328125,False,265.4842834472656,ok,
resnet50,full_temporal,600,all_at_once,8187.5,3775.681640625,False,602.1417236328125,ok,
resnet50,full_temporal,600,chunked_30,8187.5,317.25,False,535.0830078125,ok,
resnet50,full_temporal,1200,all_at_once,8187.5,7453.119140625,False,2574.57568359375,ok,
resnet50,full_temporal,1200,chunked_30,8187.5,331.01611328125,False,1062.2041015625,ok,
resnet50,full_temporal,2400,all_at_once,8187.5,14803.681640625,True,,ok_spilled_to_shared_memory,
resnet50,full_temporal,2400,chunked_30,8187.5,325.232421875,False,2118.08740234375,ok,
