backbone,config,params,size_fp32_mb,size_fp16_mb,gflops_per_video,gflops_per_frame
mobilevitv2_050,proposed,660151,2.5182762145996094,1.259138107299805,18.96104832,0.632034944
mobilevitv2_050,pure,1134266,4.326881408691406,2.163440704345703,21.70286208,0.723428736
mobilevitv2_050,surgery_only,535223,2.0417137145996094,1.020856857299805,18.95321472,0.6317738239999999
mobilevitv2_050,full_temporal,1259194,4.803443908691406,2.401721954345703,21.71069568,0.723689856
mobilevit_xxs,proposed,624657,2.382877349853516,1.1914386749267578,16.43582592,0.547860864
mobilevit_xxs,pure,975793,3.722354888916016,1.861177444458008,18.07199616,0.602399872
mobilevit_xxs,surgery_only,499729,1.906314849853516,0.9531574249267578,16.42799232,0.547599744
mobilevit_xxs,full_temporal,1100721,4.198917388916016,2.099458694458008,18.07982976,0.602660992
mobilenetv3_small_100,pure,1587681,6.056522369384766,3.028261184692383,3.33336576,0.111112192
mobilenetv3_small_100,full_temporal,1712609,6.533084869384766,3.266542434692383,3.34119936,0.111373312
googlenet,full_temporal,5794657,22.10486221313477,11.052431106567385,89.85314688,2.995104896
resnet50,full_temporal,23768321,90.66894912719728,45.33447456359863,245.24412288,8.174804095999999
mobilenetv3_large_100,full_temporal,4413169,16.834903717041016,8.417451858520508,12.931584,0.4310528
vit_base_patch16_224,full_temporal,85977025,327.97632217407227,163.98816108703613,1053.79464576,35.126488192000004
mobilenetv3_small_100,proposed,322809,1.2314186096191406,0.6157093048095703,2.11712064,0.070570688
mobilenetv3_small_100,surgery_only,197881,0.7548561096191406,0.3774280548095703,2.10928704,0.070309568
