dataset,backbone,effect,n_videos,mean_diff,ci_low,ci_high,wilcoxon_p
tvsum,mobilevitv2_050,surgery without head (surgery only - pure),50,0.028180225820266965,0.005416224465506431,0.053228717330810194,0.02420949942225903
tvsum,mobilevitv2_050,head without surgery (full + head - pure),50,0.03799371468298255,0.026096036567621366,0.05063745950123694,2.6378053519238165e-08
tvsum,mobilevitv2_050,head after surgery (surgery + head - surgery only),50,-0.0030628391844839255,-0.011497928955473595,0.005248056581238663,0.4723763440876976
tvsum,mobilevitv2_050,surgery with head (surgery + head - full + head),50,-0.01287632804719951,-0.03701744012883605,0.010131503571670452,0.2866420365460076
tvsum,mobilevit_xxs,surgery without head (surgery only - pure),50,-0.0011122432880401934,-0.022597687653816062,0.019852730616809602,0.8258163298101913
tvsum,mobilevit_xxs,head without surgery (full + head - pure),50,0.003669339373032259,-0.009992672150359214,0.018055707008664355,0.7740531775538848
tvsum,mobilevit_xxs,head after surgery (surgery + head - surgery only),50,0.007717020820663323,-0.005796799566914153,0.02209971075932517,0.2260100302518655
tvsum,mobilevit_xxs,surgery with head (surgery + head - full + head),50,0.0029354381595908725,-0.019403421397824864,0.023679132835563565,0.4547879869752496
tvsum,mobilenetv3_small_100,surgery without head (surgery only - pure),50,-0.03104704306943284,-0.049269356802213955,-0.013196878640642028,0.0015962870115284744
tvsum,mobilenetv3_small_100,head without surgery (full + head - pure),50,-0.00143729941334816,-0.012979018649021777,0.009466407901668729,0.9923668279164506
tvsum,mobilenetv3_small_100,head after surgery (surgery + head - surgery only),50,0.0069796198309774946,-0.012498918065636884,0.02338338514461859,0.1976349682926415
tvsum,mobilenetv3_small_100,surgery with head (surgery + head - full + head),50,-0.02263012382510719,-0.039751450455206214,-0.005863394045088098,0.03286210881230289
summe,mobilevitv2_050,surgery without head (surgery only - pure),25,0.02075867343149862,-0.0629491939375872,0.10677806807551683,0.978915274143219
summe,mobilevitv2_050,head without surgery (full + head - pure),25,-0.027889280363458422,-0.06706231195569477,0.012056949498859935,0.25210392475128174
summe,mobilevitv2_050,head after surgery (surgery + head - surgery only),25,0.007383111790235395,-0.01863280543463013,0.03486110941887128,0.7914759516716003
summe,mobilevitv2_050,surgery with head (surgery + head - full + head),25,0.05603106558519245,-0.025386898382634724,0.13716857050857884,0.17295855283737183
summe,mobilevit_xxs,surgery without head (surgery only - pure),25,0.021839584500075403,-0.03137331343428817,0.07837628888541964,0.5601714849472046
summe,mobilevit_xxs,head without surgery (full + head - pure),25,-0.012781549911219603,-0.06756850942676984,0.038734223051569164,0.7509929537773132
summe,mobilevit_xxs,head after surgery (surgery + head - surgery only),25,-0.04091130825402355,-0.08899289323142452,0.004907699274884381,0.23036134243011475
summe,mobilevit_xxs,surgery with head (surgery + head - full + head),25,-0.006290173842728535,-0.04415645917002231,0.033396789698744364,0.7509929537773132
summe,mobilenetv3_small_100,surgery without head (surgery only - pure),25,0.003710273293416732,-0.049701945955755555,0.05858724761876231,1.0
summe,mobilenetv3_small_100,head without surgery (full + head - pure),25,-0.001656622406416656,-0.04194364779556302,0.03414607934853137,0.457846462726593
summe,mobilenetv3_small_100,head after surgery (surgery + head - surgery only),25,-0.039020417027425446,-0.0850293231234389,0.010381669745852078,0.06670159101486206
summe,mobilenetv3_small_100,surgery with head (surgery + head - full + head),25,-0.033653521327592036,-0.08596429540887857,0.02111012561670572,0.18172985315322876
