dataset,backbone,config,seed,fold,video,f1_strict,f1_standard,f1_strict_inverted,tau_meangt30,rho_meangt30,tau_ann,rho_ann,latency_ms,peak_mem_mb
tvsum,mobilevit_xxs,proposed,42,1,HT5vyqe0Xaw,0.13636363726109266,0.36400634944438937,0.12272727377712726,0.16898555622091085,0.2159394960650259,-0.02689265316184134,-0.03451360728990451,10.446848392486572,144.6474609375
tvsum,mobilevit_xxs,proposed,42,1,JgHubY5Vw3Y,0.34772727768868206,0.518604651093483,0.009090908616781235,0.539791825619214,0.7151950050180665,0.2623815815071119,0.3402921316284496,9.344511985778809,144.64794921875
tvsum,mobilevit_xxs,proposed,42,1,NyBmCxDoHJU,0.18409091271460057,0.3137949274852872,0.07954545430839062,-0.11477424380190211,-0.1596793386403974,-0.010422295737247062,-0.01646915317917203,9.038479804992676,144.64794921875
tvsum,mobilevit_xxs,proposed,42,1,WxtbjNsCQ8A,0.17272727582603692,0.47954545319080355,0.12272727433592082,0.44241112993929765,0.6051025616352487,0.14688420161548638,0.19274987126172471,8.571616172790527,144.64794921875
tvsum,mobilevit_xxs,proposed,42,1,XkqCExn6_Us,0.1613636391237378,0.3886363636702299,0.06363636143505573,0.367746046467319,0.5076448337090685,0.14701348494075722,0.19395290149590397,8.494415760040283,144.64794921875
tvsum,mobilevit_xxs,proposed,42,1,akI8YFjEmUw,0.2545454569160938,0.4075052872300148,0.09318181592971087,0.17149766402574546,0.2840922181141345,0.07474362865464186,0.09521850205430642,8.517744064331055,144.64794921875
tvsum,mobilevit_xxs,proposed,42,1,byxOvuiIJV0,0.23636363856494427,0.38927061855793,0.13181818425655364,0.10540491777725705,0.15561287827388104,0.0737925387240583,0.09906892241298407,8.569184303283691,144.64794921875
tvsum,mobilevit_xxs,proposed,42,1,jcoYJXDG9sw,0.04090909212827683,0.452272729575634,0.07272727116942405,0.14287634279578976,0.22983465506294495,0.058769465760960274,0.07869939523376361,8.55193567276001,144.64794921875
tvsum,mobilevit_xxs,proposed,42,1,vdmoEJ5YbrQ,0.3909090895205736,0.3886363670229912,0.09545454364269972,0.264560368104963,0.35456083515413767,0.10346765533058891,0.13580509722885467,8.545119762420654,144.64794921875
tvsum,mobilevit_xxs,proposed,42,1,xxdtq8mxegs,0.19772727359086276,0.7363636389374733,0.16363636683672667,-0.12297513375926711,-0.0979846834276818,-0.024010134267833765,-0.025351552251130727,8.266752243041992,144.64794921875
tvsum,mobilevit_xxs,proposed,42,2,3eYKfiOEJNs,0.29545455165207385,0.40909091010689735,0.013636362925171851,0.5169224781396005,0.6475775061027809,0.22396202014516722,0.29770647570309317,8.567247867584229,144.97998046875
tvsum,mobilevit_xxs,proposed,42,2,4wU_LUjG5Ic,0.31363636795431377,0.43863636404275896,0.06818181797862052,0.5127831049207175,0.7106908638170719,0.19764956665974004,0.262258081731525,8.359376430511475,145.75341796875
tvsum,mobilevit_xxs,proposed,42,2,98MoyGZKHXc,0.165909094363451,0.4954545468091965,0.03636363632977009,0.376218545128543,0.5603410661323042,0.26766845130728845,0.35589339906029344,8.5698561668396,144.97998046875
tvsum,mobilevit_xxs,proposed,42,2,Bhxk-O1Y7Ho,0.28636363446712493,0.2903050519526005,0.07499999906867742,0.42011835000522524,0.5599029328664373,0.17169634440967294,0.2273581054894874,8.529407978057861,145.75341796875
tvsum,mobilevit_xxs,proposed,42,2,GsAD1KT1xo8,0.11363636385649442,0.42727272808551786,0.13636363800615073,-0.17780514294037778,-0.24230989469395992,-0.0597438248086629,-0.0774863937538526,8.598015785217285,144.97998046875
tvsum,mobilevit_xxs,proposed,42,2,J0nA4VgnoCo,0.22500000409781934,0.5318181723356247,0.036363635770976545,0.4398337746419871,0.6026097564101727,0.2685229351320624,0.3466495404041683,8.543744087219238,145.75341796875
tvsum,mobilevit_xxs,proposed,42,2,i3wAGJaaktw,0.22727272734045983,0.42045454531908033,0.0,0.5418971008260749,0.7747834944819759,0.3305037514033839,0.4385050580008465,8.588287830352783,144.97998046875
tvsum,mobilevit_xxs,proposed,42,2,oDXZc0tZe04,0.059090908244252206,0.41136363744735716,0.1431818213313818,0.2178368300729979,0.3140062972146362,0.03655948974170472,0.04997069620069104,8.60211181640625,145.75341796875
tvsum,mobilevit_xxs,proposed,42,2,xmEERLqJ2kU,0.32272727116942407,0.45001762062311174,0.08636363856494426,0.5186397145245266,0.7399493246173349,0.3409485534868994,0.4499475059621423,8.56217622756958,144.97998046875
tvsum,mobilevit_xxs,proposed,42,2,xwqBXPGE9pQ,0.2386363700032234,0.5363636337220669,0.14318181835114957,0.29664938797070256,0.42368931933200255,0.13317024042810363,0.17764080878817193,8.698991775512695,145.75341796875
tvsum,mobilevit_xxs,proposed,42,3,-esJrBWj2d8,0.3068181833252311,0.5272727280855178,0.14545454643666744,0.2474030283364104,0.405394002932097,0.16846051622437586,0.21939070296872484,8.517648220062256,144.64794921875
tvsum,mobilevit_xxs,proposed,42,3,91IHQYk1IQM,0.2181818176060915,0.49090909361839297,0.13863636143505573,0.23806706500296096,0.3612664534100765,0.16678779894975082,0.21944015191309835,8.647168159484863,144.64794921875
tvsum,mobilevit_xxs,proposed,42,3,E11zDS9XGzg,0.2113636376336217,0.38863636553287506,0.09090908970683813,0.39398211961434565,0.5470578459286242,0.10961995686457286,0.14208231581109756,8.59494400024414,144.64794921875
tvsum,mobilevit_xxs,proposed,42,3,JKpqYvAdIsw,0.1772727318108082,0.36168076246976855,0.2545454580336809,0.15367965566312444,0.219425457752946,0.047046728381977286,0.06126497581266851,8.525311946868896,144.64794921875
tvsum,mobilevit_xxs,proposed,42,3,WG0MBPpPC6I,0.21590909454971552,0.5977272659540176,0.1522727282717824,0.2601768160471642,0.3870394995393431,0.07032003228360353,0.09248827145118892,8.583568096160889,144.64794921875
tvsum,mobilevit_xxs,proposed,42,3,XzYM3PfTM4w,0.2727272752672434,0.5249999992549419,0.045454546436667444,0.5029516003520437,0.7097502948855324,0.29734674386963944,0.3910984335249109,8.5338716506958,144.64794921875
tvsum,mobilevit_xxs,proposed,42,3,b626MiF1ew4,0.2022727293893695,0.4045454584062099,0.08636363670229912,0.16884947983471957,0.2344158486211824,0.018312801928971653,0.023108524539591457,8.592383861541748,144.64794921875
tvsum,mobilevit_xxs,proposed,42,3,cjibtmSLxQ4,0.4068181820213795,0.4954545468091965,0.14772727638483046,0.20186103856932489,0.2994099562170008,0.0708010696192875,0.09569170154897602,8.569439888000488,144.64794921875
tvsum,mobilevit_xxs,proposed,42,3,eQu1rNs0an0,0.28636364042758944,0.45253700241446493,0.047727270796895024,0.30539117539026867,0.4351609571180671,0.21186971955881306,0.2737511388688026,8.497695922851562,144.64794921875
tvsum,mobilevit_xxs,proposed,42,3,uGu_10sucQo,0.1568181835114956,0.45000000596046447,0.14090908989310263,0.282748099133874,0.4575447432763029,0.2427537799442864,0.32408980648251023,8.47104024887085,144.64794921875
tvsum,mobilevit_xxs,proposed,42,4,0tmA_C6XwfM,0.30227272771298885,0.5840909108519554,0.11590909063816071,0.47549329575073734,0.6419754666290067,0.26600533825234696,0.343100956043163,8.566415786743164,144.64794921875
tvsum,mobilevit_xxs,proposed,42,4,37rzWOQsNIw,0.1749999973922968,0.4934989482164383,0.06818181928247213,0.19093532976327585,0.2889609802801611,0.12276535047958789,0.1695706801607806,8.564127922058105,145.42138671875
tvsum,mobilevit_xxs,proposed,42,4,EYqVtI9YWJA,0.22272727768868208,0.48446089029312134,0.02045454494655132,0.5785558820218331,0.7789943154621621,0.24613594872465128,0.3239148490754779,8.497663974761963,144.64794921875
tvsum,mobilevit_xxs,proposed,42,4,RBCABdttQmI,0.17500000204890967,0.27954545952379706,0.13409091159701347,0.06776607334613509,0.10744560187901443,0.022588182688256526,0.028890725816086482,8.553711891174316,145.42138671875
tvsum,mobilevit_xxs,proposed,42,4,VuWGsYPqAX8,0.15681818276643752,0.4340909130871296,0.1613636389374733,-0.21164221534408936,-0.306938642180219,-0.0317812939198988,-0.04126964046491395,8.571231842041016,144.64794921875
tvsum,mobilevit_xxs,proposed,42,4,_xMr-HKMfVA,0.10454545691609382,0.36363636776804925,0.16363636702299117,0.1197450363422356,0.1449927121759545,0.0501685104827446,0.06821948775337816,8.535295963287354,145.42138671875
tvsum,mobilevit_xxs,proposed,42,4,fWutDQy1nnY,0.2454545460641384,0.5005813993513584,0.12500000055879354,0.37343853333797794,0.5192787393247861,0.2437485452557286,0.3242799573134101,8.51968002319336,144.64794921875
tvsum,mobilevit_xxs,proposed,42,4,gzDbaEs1Rlg,0.22727272640913726,0.45000000298023224,0.07045454680919647,0.4431661881234604,0.6214652911847657,0.2073042479340707,0.27784729082214193,8.494080066680908,145.42138671875
tvsum,mobilevit_xxs,proposed,42,4,kLxoNp-UchI,0.09090909268707037,0.3136363670229912,0.1500000011175871,0.0069772158904644836,-0.004900326653094933,-0.030441686079170287,-0.03921466117893711,8.56438398361206,144.64794921875
tvsum,mobilevit_xxs,proposed,42,4,sTEELN-vY30,0.24545454531908034,0.45993657410144806,0.04090909212827683,0.45995544265480814,0.6336306824066341,0.24527646722624294,0.3220915062561368,8.529920101165771,145.42138671875
tvsum,mobilevit_xxs,proposed,42,5,AwmHb44_ouw,0.16818182002753018,0.4000000037252903,0.049999998137354854,0.203946454229858,0.2647223335185239,0.14250269315111022,0.18663118888931735,8.98201608657837,144.97998046875
tvsum,mobilevit_xxs,proposed,42,5,EE-bNr36nyA,0.31363636497408154,0.47954545766115186,0.24318182319402695,-0.10416917849234232,-0.14937670294807462,-0.07969865992715688,-0.10139550936151213,8.543888092041016,144.97998046875
tvsum,mobilevit_xxs,proposed,42,5,Hl-__g2gn_A,0.13636363968253135,0.5159090921282768,0.07272727191448211,0.38834280874006755,0.5366875162755784,0.10476756871120736,0.14179566935764376,8.484864234924316,144.97998046875
tvsum,mobilevit_xxs,proposed,42,5,LRw_obCPUt0,0.10454545244574547,0.5090909138321876,0.0318181823939085,0.5752188092367707,0.7681097247968657,0.305925184101267,0.3997817218947348,8.607744216918945,144.97998046875
tvsum,mobilevit_xxs,proposed,42,5,PJrm840pAUI,0.2272727282717824,0.3159090980887413,0.08181818146258593,0.27267485884275827,0.3759495848642535,0.08217693165833241,0.10765585149025814,8.570367813110352,144.97998046875
tvsum,mobilevit_xxs,proposed,42,5,Se3oxnaPsz0,0.14545454736799002,0.47500000298023226,0.13636363688856362,0.3306441076388435,0.4704184843024674,0.17048403176557897,0.22621912572435082,9.216896057128906,144.97998046875
tvsum,mobilevit_xxs,proposed,42,5,Yi4Ij2NM7U4,0.19090909361839295,0.5454545482993126,0.13181818500161172,0.19093532976327585,0.2680185499437423,0.18844436852637053,0.24573083349396918,9.05728006362915,144.97998046875
tvsum,mobilevit_xxs,proposed,42,5,iVt07TCkFM0,0.32727273255586625,0.5068181797862052,0.03636363707482815,0.4236213258688587,0.5768033343345176,0.18241688476600543,0.23682891292965197,9.133984088897705,144.97998046875
tvsum,mobilevit_xxs,proposed,42,5,qqR6AEXwxoQ,0.21590909417718648,0.4619978852570057,0.21590909622609616,0.08140085205541897,0.08420591170620668,0.001852038616776873,0.0036803464537822363,8.783711910247803,144.97998046875
tvsum,mobilevit_xxs,proposed,42,5,z_6gVvQb2d0,0.1954545484855771,0.5204545468091964,0.2659090954810381,0.08806778705380232,0.12312148901240014,0.03680330656777567,0.04507786264181344,9.083407878875732,144.97998046875
