dataset,backbone,fold,video,max_abs_score_diff,tau_fp32_vs_fp16,f1_strict_fp32,tau_ann_fp32,f1_strict_fp16,tau_ann_fp16,same_summary
summe,mobilevitv2_050,1,Air_Force_One,0.022589147090911865,0.9816091954022989,0.27272728085517883,-0.0480462990572622,0.27272728085517883,-0.05435058481825485,True
summe,mobilevitv2_050,1,Eiffel Tower,0.014425098896026611,1.0,0.5909090638160706,0.3857704715515888,0.5909090638160706,0.3859725514214429,True
summe,mobilevitv2_050,1,Jumps,0.03281080722808838,1.0,0.7272727489471436,0.4111927380497291,0.6363636255264282,0.41406677615891346,False
summe,mobilevitv2_050,1,Saving dolphines,0.012690484523773193,1.0,0.3636363744735718,0.01601294237136628,0.3636363744735718,0.01601294237136628,True
summe,mobilevitv2_050,1,paluma_jump,0.010894209146499634,1.0,0.0,-0.2787721648309867,0.0,-0.2798193930985712,True
summe,mobilevitv2_050,2,Base jumping,0.02558612823486328,0.9908045977011495,0.40909090638160706,0.10128963212490216,0.40909090638160706,0.09897884203840251,True
summe,mobilevitv2_050,2,Car_railcrossing,0.0325777642428875,0.9954022988505749,0.6666666865348816,0.038425195054968296,0.6666666865348816,0.03822610078007209,True
summe,mobilevitv2_050,2,Excavators river crossing,0.0114210844039917,0.9954022988505749,0.325581431388855,-0.22484046855241688,0.325581431388855,-0.22580710857198874,True
summe,mobilevitv2_050,2,Notre_Dame,0.015047192573547363,0.994246918370551,0.40909090638160706,0.0379800027341456,0.40909090638160706,0.03655023186819651,True
summe,mobilevitv2_050,2,car_over_camera,0.029595136642456055,1.0,0.2352941334247589,0.1846770596875602,0.2352941334247589,0.18211654586173615,True
summe,mobilevitv2_050,3,Bearpark_climbing,0.009937822818756104,1.0,0.3181818127632141,-0.3909792796529991,0.3181818127632141,-0.3896823617064903,True
summe,mobilevitv2_050,3,Bike Polo,0.01334691047668457,0.975834938400726,0.7619048357009888,0.16766664194665404,0.7619048357009888,0.16581277965774002,True
summe,mobilevitv2_050,3,Bus_in_Rock_Tunnel,0.018463850021362305,0.9954022988505749,0.1666666716337204,-0.17786056177056966,0.1666666716337204,-0.17994412532698745,True
summe,mobilevitv2_050,3,Kids_playing_in_leaves,0.025584936141967773,0.9862068965517242,0.5,-0.05956684166818688,0.5,-0.059956511269784366,True
summe,mobilevitv2_050,3,Playing_on_water_slide,0.00530514121055603,0.9954022988505749,0.5365853905677795,0.1249587304056385,0.5365853905677795,0.12476736940961149,True
summe,mobilevitv2_050,4,Scuba,0.018259048461914062,0.994246918370551,0.5853658318519592,0.15996391423871145,0.5853658318519592,0.15778653419548752,True
summe,mobilevitv2_050,4,St Maarten Landing,0.015522845089435577,0.994246918370551,0.5,0.16750164129396108,0.5,0.16832172276908453,True
summe,mobilevitv2_050,4,Uncut_Evening_Flight,0.02188742160797119,0.9954022988505749,0.4285714030265808,-0.32742996245952644,0.4285714030265808,-0.3241790289197483,True
summe,mobilevitv2_050,4,Valparaiso_Downhill,0.025899171829223633,0.9954022988505749,0.41860467195510864,-0.07488552575018725,0.41860467195510864,-0.07691290209746877,True
summe,mobilevitv2_050,4,playing_ball,0.027234435081481934,0.9954022988505749,0.523809552192688,0.17165808397702967,0.523809552192688,0.16969739769516756,True
summe,mobilevitv2_050,5,Cockpit_Landing,0.048918724060058594,0.9862068965517242,0.8181818127632141,0.1359352138796848,0.8181818127632141,0.13785927918583746,True
summe,mobilevitv2_050,5,Cooking,0.012912869453430176,0.9954022988505749,0.8636363744735718,0.3598978134685502,0.8636363744735718,0.3588820138256811,True
summe,mobilevitv2_050,5,Fire Domino,0.0169064998626709,0.9954022988505749,0.41860467195510864,-0.10086798463146836,0.41860467195510864,-0.09931616948329193,True
summe,mobilevitv2_050,5,Paintball,0.038000911474227905,0.9873184827055751,0.7906976342201233,0.3872982151506554,0.7906976342201233,0.3865929081230989,True
summe,mobilevitv2_050,5,Statue of Liberty,0.03122258186340332,0.9954022988505749,0.40909090638160706,0.2594458095625583,0.40909090638160706,0.26037050923108374,True
summe,mobilevit_xxs,1,Air_Force_One,0.006637096405029297,1.0,0.1818181872367859,-0.13038409187507535,0.1818181872367859,-0.13096893539857216,True
summe,mobilevit_xxs,1,Eiffel Tower,0.013200879096984863,0.9908045977011495,0.5454545617103577,0.01717678893760348,0.5454545617103577,0.020916202901608248,True
summe,mobilevit_xxs,1,Jumps,0.004971027374267578,0.994246918370551,0.5909090638160706,-0.02525047767354802,0.5909090638160706,-0.022890685420166094,True
summe,mobilevit_xxs,1,Saving dolphines,0.002220630645751953,0.9976985009764096,0.40909090638160706,0.17968010916707514,0.40909090638160706,0.17952606224579512,True
summe,mobilevit_xxs,1,paluma_jump,0.0013206005096435547,0.9988499133630073,0.0,-0.2674381559306651,0.0,-0.26592697360935164,True
summe,mobilevit_xxs,2,Base jumping,0.004818081855773926,0.9954022988505749,0.5116279125213623,0.25437947535550526,0.5116279125213623,0.25422105377054316,True
summe,mobilevit_xxs,2,Car_railcrossing,0.003646373748779297,1.0,0.4000000059604645,0.0029864141234431318,0.4000000059604645,0.0023894522244458927,True
summe,mobilevit_xxs,2,Excavators river crossing,0.00838857889175415,0.9976985009764096,0.4651162922382355,-0.007539117179099169,0.4651162922382355,-0.008121230539511984,True
summe,mobilevit_xxs,2,Notre_Dame,0.010108232498168945,1.0,0.3809524178504944,0.09714483111397039,0.3809524178504944,0.09714483111397039,True
summe,mobilevit_xxs,2,car_over_camera,0.0120161771774292,1.0,0.2352941334247589,-0.02955259707305267,0.2352941334247589,-0.02902175522920732,True
summe,mobilevit_xxs,3,Bearpark_climbing,0.0066252052783966064,1.0,0.34146344661712646,-0.23784323834624652,0.34146344661712646,-0.23747332031521973,True
summe,mobilevit_xxs,3,Bike Polo,0.01863124966621399,1.0,0.40909090638160706,0.11968796437573415,0.40909090638160706,0.12047798394257067,True
summe,mobilevit_xxs,3,Bus_in_Rock_Tunnel,0.006601691246032715,0.9873184827055751,0.65116286277771,0.0,0.65116286277771,-0.0009475410605977221,True
summe,mobilevit_xxs,3,Kids_playing_in_leaves,0.004093468189239502,0.9919321204752274,0.27272728085517883,-0.12875276458575488,0.27272728085517883,-0.1284932764889679,True
summe,mobilevit_xxs,3,Playing_on_water_slide,0.00375935435295105,0.9976985009764096,0.4285714030265808,0.07022948554191322,0.4285714030265808,0.07081625052338451,True
summe,mobilevit_xxs,4,Scuba,0.006712436676025391,0.9988499133630073,0.6666666865348816,0.22257097582585525,0.6666666865348816,0.22229373906431804,True
summe,mobilevit_xxs,4,St Maarten Landing,0.02074342966079712,0.9954022988505749,0.0,-0.12146913035745134,0.0,-0.12187915273840477,True
summe,mobilevit_xxs,4,Uncut_Evening_Flight,0.006881117820739746,0.9954022988505749,0.4285714030265808,-0.07609216316543137,0.4285714030265808,-0.0756857964729591,True
summe,mobilevit_xxs,4,Valparaiso_Downhill,0.008105695247650146,0.9908045977011495,0.6976744532585144,-0.05252588356995116,0.6976744532585144,-0.054260683394279814,True
summe,mobilevit_xxs,4,playing_ball,0.004215359687805176,1.0,0.5909090638160706,0.14636523094100817,0.5909090638160706,0.14628029420443198,True
summe,mobilevit_xxs,5,Cockpit_Landing,0.009401798248291016,0.9908045977011495,0.39024391770362854,0.19673567755410853,0.39024391770362854,0.19577364490103222,True
summe,mobilevit_xxs,5,Cooking,0.009863078594207764,0.9908045977011495,0.13953489065170288,-0.1455640888231534,0.13953489065170288,-0.14637672853744874,True
summe,mobilevit_xxs,5,Fire Domino,0.004195034503936768,1.0,0.4545454680919647,-0.18582986399412824,0.4545454680919647,-0.1856358871006062,True
summe,mobilevit_xxs,5,Paintball,0.004712104797363281,0.9954022988505749,1.0,0.10206776067147237,1.0,0.10208147116393416,True
summe,mobilevit_xxs,5,Statue of Liberty,0.003440350294113159,1.0,0.34146344661712646,0.26447549029598166,0.4545454680919647,0.26458361304962136,False
summe,mobilenetv3_small_100,1,Air_Force_One,0.002833843231201172,0.9884389178158017,0.27906978130340576,-0.09351357212139104,0.27906978130340576,-0.10231395040880031,True
summe,mobilenetv3_small_100,1,Eiffel Tower,0.056021273136138916,0.9908045977011495,0.4000000059604645,-0.18894467831363826,0.3636363744735718,-0.18813635883422164,False
summe,mobilenetv3_small_100,1,Jumps,0.02508082240819931,0.994246918370551,0.8095238208770752,0.16587305658720974,0.8095238208770752,0.1657852563728483,True
summe,mobilenetv3_small_100,1,Saving dolphines,0.011812210083007812,0.9954022988505749,0.5,0.054555722265236285,0.5,0.056704603771383165,True
summe,mobilenetv3_small_100,1,paluma_jump,0.0389176607131958,0.9954022988505749,0.19512195885181427,-0.011728956596946097,0.19512195885181427,-0.011728956596946097,True
summe,mobilenetv3_small_100,2,Base jumping,0.026836156845092773,0.988481886648683,0.5,0.05411100119220059,0.5,0.05594789100025968,True
summe,mobilenetv3_small_100,2,Car_railcrossing,0.020877838134765625,0.9988499133630073,0.9000000357627869,-0.00497735687240522,0.9000000357627869,-0.006671151605564185,True
summe,mobilenetv3_small_100,2,Excavators river crossing,0.03719651699066162,0.9816091954022989,0.40909090638160706,-0.07907115360097894,0.40909090638160706,-0.08371102569492392,True
summe,mobilenetv3_small_100,2,Notre_Dame,0.021193623542785645,0.9954022988505749,0.1428571343421936,-0.0658447283581921,0.1428571343421936,-0.0623222945485996,True
summe,mobilenetv3_small_100,2,car_over_camera,0.029398560523986816,0.9896439233780949,0.2352941334247589,-0.1718744905584399,0.2352941334247589,-0.16794958893786532,True
summe,mobilenetv3_small_100,3,Bearpark_climbing,0.03968954086303711,0.9838735794848196,0.4390243887901306,0.11797024621973827,0.4390243887901306,0.12142780881458523,True
summe,mobilenetv3_small_100,3,Bike Polo,0.07768487930297852,0.9862068965517242,0.4651162922382355,0.231475733083103,0.4651162922382355,0.2323749080015856,True
summe,mobilenetv3_small_100,3,Bus_in_Rock_Tunnel,0.04568445682525635,0.9666289484158136,0.5714285373687744,0.02651808162713499,0.5714285373687744,0.025762728883410788,True
summe,mobilenetv3_small_100,3,Kids_playing_in_leaves,0.038477808237075806,0.9908045977011495,0.3720930218696594,-0.14547140715136783,0.3720930218696594,-0.1491226049530534,False
summe,mobilenetv3_small_100,3,Playing_on_water_slide,0.05182802677154541,0.9954022988505749,0.4545454680919647,0.02219787553913333,0.4545454680919647,0.02315468051926839,True
summe,mobilenetv3_small_100,4,Scuba,0.02537989616394043,0.975834938400726,0.34146344661712646,-0.09965435949880229,0.34146344661712646,-0.10128629454351785,True
summe,mobilenetv3_small_100,4,St Maarten Landing,0.030179262161254883,0.9494252873563218,0.4390243887901306,0.09645776511929258,0.4390243887901306,0.09440765321452549,True
summe,mobilenetv3_small_100,4,Uncut_Evening_Flight,0.06149601936340332,0.9930901938125462,0.2857142686843872,-0.06552662916115251,0.2857142686843872,-0.06453382833591124,True
summe,mobilenetv3_small_100,4,Valparaiso_Downhill,0.006676197052001953,0.9722967459630367,0.6976744532585144,0.1001365009709711,0.6976744532585144,0.10066797439790029,True
summe,mobilenetv3_small_100,4,playing_ball,0.05049324035644531,0.9804379333931824,0.7804878354072571,0.14263992700547012,0.7804878354072571,0.14646982238201592,True
summe,mobilenetv3_small_100,5,Cockpit_Landing,0.05766266584396362,0.9816091954022989,0.5,-0.12362119592030782,0.5,-0.1226591632672315,True
summe,mobilenetv3_small_100,5,Cooking,0.028339296579360962,0.9816091954022989,0.052631575614213943,-0.29021395796772453,0.052631575614213943,-0.2897190282203074,False
summe,mobilenetv3_small_100,5,Fire Domino,0.03358745574951172,0.9954022988505749,0.27906978130340576,-0.16313456745204785,0.23255814611911774,-0.16198520984792608,False
summe,mobilenetv3_small_100,5,Paintball,0.018196463584899902,0.9954022988505749,1.0,0.21284731124219583,1.0,0.20877899225398613,True
summe,mobilenetv3_small_100,5,Statue of Liberty,0.042236268520355225,0.9908045977011495,0.5,0.11408935420485557,0.5,0.11794047164636967,True
tvsum,mobilevitv2_050,1,HT5vyqe0Xaw,0.012134790420532227,0.9988499133630073,0.13409091029316186,-0.1018398033039782,0.13409091029316186,-0.10050720143195897,True
tvsum,mobilevitv2_050,1,JgHubY5Vw3Y,0.01294165849685669,1.0,0.14090909343212843,-0.06690740719412232,0.14090909343212843,-0.06619343764436311,True
tvsum,mobilevitv2_050,1,NyBmCxDoHJU,0.008037090301513672,1.0,0.15681818332523106,0.09591655683321273,0.15681818332523106,0.09592350305773194,True
tvsum,mobilevitv2_050,1,WxtbjNsCQ8A,0.016775134950876236,0.9954022988505749,0.16363636385649444,0.1589768237048263,0.16363636385649444,0.15918361029954414,True
tvsum,mobilevitv2_050,1,XkqCExn6_Us,0.010137498378753662,1.0,0.19090909343212842,0.0564772656269107,0.19090909343212842,0.05669277408046476,True
tvsum,mobilevitv2_050,1,akI8YFjEmUw,0.012414932250976562,0.9954022988505749,0.20681818388402462,0.04121099534851236,0.20681818388402462,0.041196230774375786,True
tvsum,mobilevitv2_050,1,byxOvuiIJV0,0.011522769927978516,1.0,0.22954545803368093,0.08178451452133614,0.22954545803368093,0.08155108599505037,True
tvsum,mobilevitv2_050,1,jcoYJXDG9sw,0.01147693395614624,1.0,0.33863636702299116,0.14616457697872492,0.33863636702299116,0.14644854261673484,True
tvsum,mobilevitv2_050,1,vdmoEJ5YbrQ,0.009088277816772461,0.9954022988505749,0.17272727731615306,0.06109237274018207,0.17272727731615306,0.06144201592032892,True
tvsum,mobilevitv2_050,1,xxdtq8mxegs,0.016117215156555176,0.9954022988505749,0.47954545766115186,0.260242043143387,0.47954545766115186,0.26218930626069276,True
tvsum,mobilevitv2_050,2,3eYKfiOEJNs,0.053476810455322266,0.9908045977011495,0.32954545579850675,0.13797214904205185,0.32954545579850675,0.13603372555691132,True
tvsum,mobilevitv2_050,2,4wU_LUjG5Ic,0.02097579836845398,0.9954022988505749,0.2840909129008651,0.09919118104994737,0.2840909129008651,0.09941830334192107,True
tvsum,mobilevitv2_050,2,98MoyGZKHXc,0.009094536304473877,0.9850409283856385,0.11818182021379471,0.25513219260097947,0.11818182021379471,0.25616172824796996,True
tvsum,mobilevitv2_050,2,Bhxk-O1Y7Ho,0.014947116374969482,1.0,0.19545454531908035,0.13059762956697846,0.19545454531908035,0.13127856230428686,True
tvsum,mobilevitv2_050,2,GsAD1KT1xo8,0.017838776111602783,0.9954022988505749,0.1954545458778739,0.07918718738169002,0.1954545458778739,0.08022680207188804,True
tvsum,mobilevitv2_050,2,J0nA4VgnoCo,0.05370408296585083,0.9816091954022989,0.19545454867184162,0.18996512404039395,0.19545454867184162,0.18840467902464036,True
tvsum,mobilevitv2_050,2,i3wAGJaaktw,0.005679666996002197,0.9954022988505749,0.3045454561710358,0.3292482074807156,0.3045454561710358,0.32952466413313036,True
tvsum,mobilevitv2_050,2,oDXZc0tZe04,0.015743136405944824,1.0,0.1977272754535079,0.02741425770305589,0.1977272754535079,0.02751379040490931,True
tvsum,mobilevitv2_050,2,xmEERLqJ2kU,0.006158232688903809,0.9954022988505749,0.3840909093618393,0.32999334251285184,0.3840909093618393,0.32906702841607144,True
tvsum,mobilevitv2_050,2,xwqBXPGE9pQ,0.01901470497250557,1.0,0.2818181850016117,0.21833564876169254,0.2818181850016117,0.2186241866303745,True
tvsum,mobilevitv2_050,3,-esJrBWj2d8,0.011308908462524414,0.9908045977011495,0.28409091103821993,0.14130760308941714,0.28409091103821993,0.14237996631557898,True
tvsum,mobilevitv2_050,3,91IHQYk1IQM,0.01608586311340332,0.9954022988505749,0.11590909231454134,0.08370722783690593,0.11590909231454134,0.08383963224342245,True
tvsum,mobilevitv2_050,3,E11zDS9XGzg,0.011806130409240723,0.9954022988505749,0.18863636516034604,0.08270955036981076,0.18863636516034604,0.08304845408554593,True
tvsum,mobilevitv2_050,3,JKpqYvAdIsw,0.029200077056884766,0.9954022988505749,0.027272727340459824,0.03168940201411886,0.027272727340459824,0.0319926049201608,True
tvsum,mobilevitv2_050,3,WG0MBPpPC6I,0.007049679756164551,0.9908045977011495,0.2750000026077032,0.05121656044549232,0.2750000026077032,0.05134906711551618,True
tvsum,mobilevitv2_050,3,XzYM3PfTM4w,0.01257026195526123,0.9976985009764096,0.11590909119695425,-0.07517482696234458,0.11590909119695425,-0.07572743850531023,True
tvsum,mobilevitv2_050,3,b626MiF1ew4,0.013198018074035645,0.9954022988505749,0.22045454792678357,0.08524191243392679,0.22045454792678357,0.08489824355122773,True
tvsum,mobilevitv2_050,3,cjibtmSLxQ4,0.008513092994689941,0.994246918370551,0.12045454755425453,-0.040729914844269625,0.12045454755425453,-0.04114244840745675,True
tvsum,mobilevitv2_050,3,eQu1rNs0an0,0.01464778184890747,1.0,0.15227272883057594,0.2440056456096976,0.18636363763362168,0.2439277685379811,False
tvsum,mobilevitv2_050,3,uGu_10sucQo,0.026290535926818848,1.0,0.14318182095885276,0.09063692515175231,0.14318182095885276,0.09075544919274274,True
tvsum,mobilevitv2_050,4,0tmA_C6XwfM,0.0184096097946167,1.0,0.31136363856494426,0.27625138240221264,0.31136363856494426,0.27621280269014736,True
tvsum,mobilevitv2_050,4,37rzWOQsNIw,0.008424103260040283,1.0,0.2681818250566721,0.0804342340175359,0.2681818250566721,0.08059141068094873,True
tvsum,mobilevitv2_050,4,EYqVtI9YWJA,0.008626878261566162,1.0,0.1750000037252903,0.23661703865048228,0.1750000037252903,0.23683204884382003,True
tvsum,mobilevitv2_050,4,RBCABdttQmI,0.012215405702590942,0.9954022988505749,0.2409090954810381,0.07517627761422342,0.2409090954810381,0.0750486481881615,True
tvsum,mobilevitv2_050,4,VuWGsYPqAX8,0.013478409498929977,1.0,0.20000000037252902,0.01848189791517176,0.20000000037252902,0.018025299419243013,True
tvsum,mobilevitv2_050,4,_xMr-HKMfVA,0.009134523570537567,1.0,0.1727272778749466,0.08186151206712326,0.1727272778749466,0.08148949250386985,True
tvsum,mobilevitv2_050,4,fWutDQy1nnY,0.0036431550979614258,1.0,0.22045454792678357,0.23018944586424123,0.22045454792678357,0.22994348314417076,True
tvsum,mobilevitv2_050,4,gzDbaEs1Rlg,0.009498417377471924,0.9954022988505749,0.21136363912373782,0.18940912385734116,0.21136363912373782,0.1889199226883857,True
tvsum,mobilevitv2_050,4,kLxoNp-UchI,0.004760921001434326,1.0,0.14772727396339178,0.011403350482895713,0.14772727396339178,0.011772663253618514,True
tvsum,mobilevitv2_050,4,sTEELN-vY30,0.00834810733795166,1.0,0.23409090861678122,0.25335866920520056,0.23409090861678122,0.253401818498029,True
tvsum,mobilevitv2_050,5,AwmHb44_ouw,0.00797182321548462,0.9954022988505749,0.2818181846290827,0.2839517716911114,0.2818181846290827,0.2834611633935552,True
tvsum,mobilevitv2_050,5,EE-bNr36nyA,0.09490358829498291,0.9954022988505749,0.0,-0.11398935363666995,0.0,-0.11385085695694885,True
tvsum,mobilevitv2_050,5,Hl-__g2gn_A,0.0068953633308410645,0.9954022988505749,0.20227272976189853,0.18688931582440477,0.20227272976189853,0.18668269806841334,True
tvsum,mobilevitv2_050,5,LRw_obCPUt0,0.010001763701438904,0.9954022988505749,0.25000000558793545,0.27434091518523673,0.25000000558793545,0.27481038859238305,True
tvsum,mobilevitv2_050,5,PJrm840pAUI,0.012243449687957764,1.0,0.19772727470844983,0.03451448273331073,0.19772727470844983,0.034382123124063205,True
tvsum,mobilevitv2_050,5,Se3oxnaPsz0,0.016987353563308716,0.9908045977011495,0.27272727377712724,0.20665198827337167,0.27272727377712724,0.20631167970713307,True
tvsum,mobilevitv2_050,5,Yi4Ij2NM7U4,0.020944416522979736,1.0,0.2500000040978193,0.13949198451116035,0.2500000040978193,0.13821044856336911,True
tvsum,mobilevitv2_050,5,iVt07TCkFM0,0.01026540994644165,1.0,0.3295454576611519,0.18455274821044285,0.3295454576611519,0.18484638464963415,True
tvsum,mobilevitv2_050,5,qqR6AEXwxoQ,0.019503355026245117,1.0,0.30227272734045985,0.0894148892668715,0.30227272734045985,0.08860654242884448,True
tvsum,mobilevitv2_050,5,z_6gVvQb2d0,0.016223587095737457,0.9954022988505749,0.3522727318108082,0.16698617333314547,0.3522727318108082,0.16622913830116562,True
tvsum,mobilevit_xxs,1,HT5vyqe0Xaw,0.010878145694732666,1.0,0.13636363726109266,-0.026934113779487494,0.13636363726109266,-0.026355104666531005,True
tvsum,mobilevit_xxs,1,JgHubY5Vw3Y,0.017785757780075073,1.0,0.34772727768868206,0.2626061797674894,0.34772727768868206,0.262381865471845,True
tvsum,mobilevit_xxs,1,NyBmCxDoHJU,0.015547573566436768,0.9896439233780949,0.18409091271460057,-0.010091846848730768,0.18409091271460057,-0.01047096461525578,True
tvsum,mobilevit_xxs,1,WxtbjNsCQ8A,0.016127876937389374,0.9954022988505749,0.17272727582603692,0.14665686465733224,0.17272727582603692,0.14682467467042543,True
tvsum,mobilevit_xxs,1,XkqCExn6_Us,0.02913118153810501,0.9954022988505749,0.1613636391237378,0.14653984070119797,0.1613636391237378,0.14693001352615828,True
tvsum,mobilevit_xxs,1,akI8YFjEmUw,0.011975519359111786,0.9988499133630073,0.2545454569160938,0.07513778023469894,0.2545454569160938,0.07521588539889752,True
tvsum,mobilevit_xxs,1,byxOvuiIJV0,0.025577448308467865,1.0,0.23636363856494427,0.07361797408614437,0.23636363856494427,0.07371467503204657,True
tvsum,mobilevit_xxs,1,jcoYJXDG9sw,0.019831746816635132,1.0,0.04090909212827683,0.05808088737276603,0.04090909212827683,0.05857192775379462,True
tvsum,mobilevit_xxs,1,vdmoEJ5YbrQ,0.012848973274230957,1.0,0.3909090895205736,0.10351046438305997,0.38636363819241526,0.10351988185480658,False
tvsum,mobilevit_xxs,1,xxdtq8mxegs,0.016835570335388184,1.0,0.19772727359086276,-0.023888216642083578,0.19772727359086276,-0.0238201748180154,True
tvsum,mobilevit_xxs,2,3eYKfiOEJNs,0.021912500262260437,0.9988499133630073,0.29545455165207385,0.224063750063301,0.29545455165207385,0.22439919612746162,True
tvsum,mobilevit_xxs,2,4wU_LUjG5Ic,0.022100985050201416,0.9954022988505749,0.31363636795431377,0.19689677753564974,0.31363636795431377,0.19755870573852843,True
tvsum,mobilevit_xxs,2,98MoyGZKHXc,0.01458883285522461,1.0,0.165909094363451,0.26807315283187855,0.165909094363451,0.2676904972691697,True
tvsum,mobilevit_xxs,2,Bhxk-O1Y7Ho,0.020758509635925293,0.9954022988505749,0.28636363446712493,0.17136772441040934,0.28636363446712493,0.17176553965012642,True
tvsum,mobilevit_xxs,2,GsAD1KT1xo8,0.04494577646255493,1.0,0.11363636385649442,-0.06109707114327284,0.11363636385649442,-0.059946908748928995,True
tvsum,mobilevit_xxs,2,J0nA4VgnoCo,0.010410308837890625,1.0,0.22500000409781934,0.26855862516332635,0.22500000409781934,0.26838090997830355,True
tvsum,mobilevit_xxs,2,i3wAGJaaktw,0.017499342560768127,1.0,0.22727272734045983,0.32970239785534367,0.22727272734045983,0.3304425054953976,True
tvsum,mobilevit_xxs,2,oDXZc0tZe04,0.010513365268707275,1.0,0.059090908244252206,0.03676263914850935,0.059090908244252206,0.03653948208953024,True
tvsum,mobilevit_xxs,2,xmEERLqJ2kU,0.010085821151733398,1.0,0.32272727116942407,0.3407953453128951,0.32272727116942407,0.3410226937037305,True
tvsum,mobilevit_xxs,2,xwqBXPGE9pQ,0.022936463356018066,0.9954022988505749,0.2000000037252903,0.1331446031151871,0.2386363700032234,0.13323307248736077,False
tvsum,mobilevit_xxs,3,-esJrBWj2d8,0.01999470591545105,1.0,0.3068181833252311,0.16888222187970459,0.3068181833252311,0.16842720688100404,True
tvsum,mobilevit_xxs,3,91IHQYk1IQM,0.01807194948196411,1.0,0.2181818176060915,0.16695226744820935,0.2181818176060915,0.1666815653780235,True
tvsum,mobilevit_xxs,3,E11zDS9XGzg,0.027448177337646484,0.9908045977011495,0.2113636376336217,0.1088837166438921,0.2113636376336217,0.10980988396727334,True
tvsum,mobilevit_xxs,3,JKpqYvAdIsw,0.03812909126281738,0.9954022988505749,0.1772727318108082,0.04663373716774906,0.1772727318108082,0.04698098021757465,True
tvsum,mobilevit_xxs,3,WG0MBPpPC6I,0.022662818431854248,1.0,0.21590909454971552,0.07033606083033564,0.21590909454971552,0.07055992611508191,True
tvsum,mobilevit_xxs,3,XzYM3PfTM4w,0.010042011737823486,0.9954022988505749,0.2727272752672434,0.296860647362417,0.2727272752672434,0.2972261761078077,True
tvsum,mobilevit_xxs,3,b626MiF1ew4,0.0245676189661026,0.9908045977011495,0.2022727293893695,0.018527284184132638,0.2022727293893695,0.018217371036785647,True
tvsum,mobilevit_xxs,3,cjibtmSLxQ4,0.018834173679351807,0.9896439233780949,0.4068181820213795,0.07063986811876669,0.4068181820213795,0.0704093735642591,True
tvsum,mobilevit_xxs,3,eQu1rNs0an0,0.011430084705352783,0.9954022988505749,0.28636364042758944,0.21082369806194973,0.28636364042758944,0.21168659434033693,True
tvsum,mobilevit_xxs,3,uGu_10sucQo,0.01658758521080017,1.0,0.1568181835114956,0.2428829502927742,0.1568181835114956,0.24288980839913848,True
tvsum,mobilevit_xxs,4,0tmA_C6XwfM,0.02319963276386261,1.0,0.30227272771298885,0.26548946195972933,0.30227272771298885,0.26584495027724453,True
tvsum,mobilevit_xxs,4,37rzWOQsNIw,0.015100181102752686,0.9954022988505749,0.1749999973922968,0.1219560201803727,0.1749999973922968,0.12243456923718972,True
tvsum,mobilevit_xxs,4,EYqVtI9YWJA,0.014850914478302002,1.0,0.22272727768868208,0.2451699239837542,0.22272727768868208,0.24588610502688021,True
tvsum,mobilevit_xxs,4,RBCABdttQmI,0.02564987540245056,1.0,0.17500000204890967,0.021992898720481626,0.17500000204890967,0.02265351961205531,True
tvsum,mobilevit_xxs,4,VuWGsYPqAX8,0.017397761344909668,1.0,0.15681818276643752,-0.03161024421994948,0.15681818276643752,-0.03179046211324896,True
tvsum,mobilevit_xxs,4,_xMr-HKMfVA,0.02326679229736328,1.0,0.10454545691609382,0.05035217773115351,0.10454545691609382,0.0501295482347342,True
tvsum,mobilevit_xxs,4,fWutDQy1nnY,0.014927983283996582,1.0,0.2454545460641384,0.24332019962497556,0.2454545460641384,0.24377853060968216,True
tvsum,mobilevit_xxs,4,gzDbaEs1Rlg,0.009166717529296875,0.994246918370551,0.22727272640913726,0.20707482881072128,0.22727272640913726,0.20721419335809696,True
tvsum,mobilevit_xxs,4,kLxoNp-UchI,0.015092521905899048,1.0,0.09090909268707037,-0.031179352535047316,0.09090909268707037,-0.03047292820979266,True
tvsum,mobilevit_xxs,4,sTEELN-vY30,0.011421620845794678,1.0,0.24545454531908034,0.24489338072194106,0.24545454531908034,0.24553615964615205,True
tvsum,mobilevit_xxs,5,AwmHb44_ouw,0.012348055839538574,0.9954022988505749,0.16818182002753018,0.14270683696850273,0.16818182002753018,0.142542593323175,True
tvsum,mobilevit_xxs,5,EE-bNr36nyA,0.02789715677499771,1.0,0.31363636497408154,-0.07992935382819395,0.0,-0.08001530209713614,False
tvsum,mobilevit_xxs,5,Hl-__g2gn_A,0.005975067615509033,1.0,0.13636363968253135,0.10446112117053016,0.13636363968253135,0.10492724728203247,True
tvsum,mobilevit_xxs,5,LRw_obCPUt0,0.005262434482574463,0.994246918370551,0.10454545244574547,0.3060829535244738,0.10454545244574547,0.30572593092389455,True
tvsum,mobilevit_xxs,5,PJrm840pAUI,0.016314178705215454,0.9988499133630073,0.2272727282717824,0.0821043335689924,0.2272727282717824,0.08209726650296617,True
tvsum,mobilevit_xxs,5,Se3oxnaPsz0,0.013763397932052612,1.0,0.14545454736799002,0.17024928587003602,0.14545454736799002,0.17054875197613,True
tvsum,mobilevit_xxs,5,Yi4Ij2NM7U4,0.02242538332939148,1.0,0.19090909361839295,0.1884375952042594,0.19090909361839295,0.18865526940443386,True
tvsum,mobilevit_xxs,5,iVt07TCkFM0,0.024026095867156982,0.9954022988505749,0.32727273255586625,0.18275840684560157,0.32727273255586625,0.18268587789881913,True
tvsum,mobilevit_xxs,5,qqR6AEXwxoQ,0.030774027109146118,0.9954022988505749,0.21590909417718648,0.0021357538373122766,0.21590909417718648,0.00185490581772169,True
tvsum,mobilevit_xxs,5,z_6gVvQb2d0,0.015192925930023193,0.9954022988505749,0.1954545484855771,0.03716260620915773,0.1954545484855771,0.036544093468572465,True
tvsum,mobilenetv3_small_100,1,HT5vyqe0Xaw,0.0722135454416275,0.9908045977011495,0.0909090906381607,-0.06444806095248554,0.0909090906381607,-0.0645125459865731,True
tvsum,mobilenetv3_small_100,1,JgHubY5Vw3Y,0.018845200538635254,1.0,0.3886363610625267,0.06898057893596692,0.3886363610625267,0.0691759206535415,True
tvsum,mobilenetv3_small_100,1,NyBmCxDoHJU,0.04544904828071594,1.0,0.2613636365160346,-0.07767718826167584,0.2613636365160346,-0.07821198111645697,True
tvsum,mobilenetv3_small_100,1,WxtbjNsCQ8A,0.024303346872329712,0.9954022988505749,0.2181818224489689,0.18339229382835653,0.2181818224489689,0.18365350717043527,True
tvsum,mobilenetv3_small_100,1,XkqCExn6_Us,0.05106446146965027,0.9862068965517242,0.22272727601230144,0.05802530418710196,0.22272727601230144,0.05909727520838226,True
tvsum,mobilenetv3_small_100,1,akI8YFjEmUw,0.029853641986846924,0.9930901938125462,0.17045454811304808,0.023680372079773127,0.17045454811304808,0.024375023595492075,True
tvsum,mobilenetv3_small_100,1,byxOvuiIJV0,0.03388974070549011,0.9954022988505749,0.16590909324586392,0.06655674670712462,0.16590909324586392,0.0670616689043315,True
tvsum,mobilenetv3_small_100,1,jcoYJXDG9sw,0.03451913595199585,0.9862068965517242,0.25227272864431144,0.07152108936506095,0.25227272864431144,0.07352318708787516,True
tvsum,mobilenetv3_small_100,1,vdmoEJ5YbrQ,0.03585541248321533,0.9816091954022989,0.05454545449465513,0.01826608898789092,0.050000000186264514,0.01794243173683733,False
tvsum,mobilenetv3_small_100,1,xxdtq8mxegs,0.04343771934509277,0.9862068965517242,0.3045454556122422,0.029609890560594328,0.3045454556122422,0.02843311271912871,True
tvsum,mobilenetv3_small_100,2,3eYKfiOEJNs,0.047230981290340424,0.9908045977011495,0.2931818217039108,0.19751428422253056,0.2931818217039108,0.1978523172829092,True
tvsum,mobilenetv3_small_100,2,4wU_LUjG5Ic,0.046930670738220215,0.9816091954022989,0.27272727377712724,0.14266608006407014,0.24545454662293195,0.1441802605408431,False
tvsum,mobilenetv3_small_100,2,98MoyGZKHXc,0.030810773372650146,0.9816091954022989,0.12500000186264515,0.020621445606154677,0.12500000186264515,0.018163057451420727,True
tvsum,mobilenetv3_small_100,2,Bhxk-O1Y7Ho,0.06300234794616699,0.9816091954022989,0.1954545458778739,0.09250152856429303,0.1954545458778739,0.09316311207212916,True
tvsum,mobilenetv3_small_100,2,GsAD1KT1xo8,0.06959617137908936,1.0,0.13409090917557479,-0.09535970874011064,0.13409090917557479,-0.09467232721719636,True
tvsum,mobilenetv3_small_100,2,J0nA4VgnoCo,0.06853166222572327,0.9586206896551724,0.23636364080011846,0.20131166299734135,0.23636364080011846,0.20026185884747413,True
tvsum,mobilenetv3_small_100,2,i3wAGJaaktw,0.0722508430480957,0.9862068965517242,0.3250000052154064,0.3352775299874132,0.3250000052154064,0.33486155407837886,True
tvsum,mobilenetv3_small_100,2,oDXZc0tZe04,0.055658817291259766,0.9862068965517242,0.13863636776804925,0.08759903487106069,0.13863636776804925,0.0870453546608906,True
tvsum,mobilenetv3_small_100,2,xmEERLqJ2kU,0.054172664880752563,0.9862068965517242,0.33181818183511497,0.3111642918579683,0.33181818183511497,0.30720903829421076,False
tvsum,mobilenetv3_small_100,2,xwqBXPGE9pQ,0.047421038150787354,0.9862068965517242,0.15000000260770321,-0.055557934345014916,0.15000000260770321,-0.056112558825269845,True
tvsum,mobilenetv3_small_100,3,-esJrBWj2d8,0.030099302530288696,1.0,0.19545454606413842,0.11508396632896059,0.19545454606413842,0.11595026861250676,True
tvsum,mobilenetv3_small_100,3,91IHQYk1IQM,0.04169434309005737,0.9908045977011495,0.1795454543083906,0.1670171883815007,0.1795454543083906,0.16747300749016397,True
tvsum,mobilenetv3_small_100,3,E11zDS9XGzg,0.04228025674819946,0.9954022988505749,0.21363636646419765,0.0877828010131905,0.21363636646419765,0.08679729014462415,True
tvsum,mobilenetv3_small_100,3,JKpqYvAdIsw,0.03173661231994629,0.9770114942528735,0.03181818164885044,0.006430962348160647,0.03181818164885044,0.005578408420394255,True
tvsum,mobilenetv3_small_100,3,WG0MBPpPC6I,0.04232054948806763,0.9954022988505749,0.19318182151764632,0.0010220864855968134,0.19318182151764632,0.0003383728133357973,True
tvsum,mobilenetv3_small_100,3,XzYM3PfTM4w,0.03660672903060913,0.9908045977011495,0.23181818053126335,0.20574046631098675,0.23181818053126335,0.20250329244166285,True
tvsum,mobilenetv3_small_100,3,b626MiF1ew4,0.03425031900405884,0.9908045977011495,0.12727272938936948,0.04870409580049606,0.12727272938936948,0.04883604600002118,True
tvsum,mobilenetv3_small_100,3,cjibtmSLxQ4,0.019317626953125,0.9862068965517242,0.2000000026077032,0.05118224708734772,0.2000000026077032,0.05123512327937831,True
tvsum,mobilenetv3_small_100,3,eQu1rNs0an0,0.03589051961898804,0.9954022988505749,0.16363636702299117,0.2544886337141318,0.16363636702299117,0.2549803946277982,True
tvsum,mobilenetv3_small_100,3,uGu_10sucQo,0.03974318504333496,0.9954022988505749,0.12272727340459824,0.2177716501114438,0.12272727340459824,0.21593206726541664,True
tvsum,mobilenetv3_small_100,4,0tmA_C6XwfM,0.06850256025791168,0.9908045977011495,0.26363635845482347,0.2635503101278468,0.26363635845482347,0.26372058462591,True
tvsum,mobilenetv3_small_100,4,37rzWOQsNIw,0.03557559847831726,0.9862068965517242,0.2886363612487912,0.19621174353215337,0.2886363612487912,0.19568024899370923,True
tvsum,mobilenetv3_small_100,4,EYqVtI9YWJA,0.033110618591308594,0.9908045977011495,0.17954545728862287,0.28793156421554744,0.17954545728862287,0.2875808838348172,True
tvsum,mobilenetv3_small_100,4,RBCABdttQmI,0.058664560317993164,0.9954022988505749,0.16590909138321877,0.01847605427682327,0.16590909138321877,0.018898991455440176,True
tvsum,mobilenetv3_small_100,4,VuWGsYPqAX8,0.03584819287061691,0.9954022988505749,0.11818182021379471,0.036845223472721206,0.11818182021379471,0.03644073926590556,True
tvsum,mobilenetv3_small_100,4,_xMr-HKMfVA,0.04210387542843819,0.9908045977011495,0.1250000001862645,0.06708732356257802,0.1250000001862645,0.06646652025991082,True
tvsum,mobilenetv3_small_100,4,fWutDQy1nnY,0.04444578289985657,0.9862068965517242,0.19545454233884813,0.1678771002349822,0.19545454233884813,0.16718581767284948,True
tvsum,mobilenetv3_small_100,4,gzDbaEs1Rlg,0.035011351108551025,0.9988499133630073,0.2068181863054633,0.20364702839267318,0.2068181863054633,0.2036632830966521,True
tvsum,mobilenetv3_small_100,4,kLxoNp-UchI,0.039242763072252274,0.9862068965517242,0.13636363837867976,0.12816188141050608,0.13636363837867976,0.1285466618764086,True
tvsum,mobilenetv3_small_100,4,sTEELN-vY30,0.02739468216896057,1.0,0.3772727293893695,0.3100653067791772,0.3772727293893695,0.3112183180166799,True
tvsum,mobilenetv3_small_100,5,AwmHb44_ouw,0.02216196060180664,1.0,0.17045454699546098,0.2111232388056004,0.1636363657191396,0.21128858542740708,False
tvsum,mobilenetv3_small_100,5,EE-bNr36nyA,0.07253915071487427,0.9954022988505749,0.2636363683268428,-0.07535553212327281,0.2636363683268428,-0.07648627507632208,True
tvsum,mobilenetv3_small_100,5,Hl-__g2gn_A,0.02383476495742798,0.9954022988505749,0.3022727329283953,0.08502026669320509,0.3022727329283953,0.08580203691500841,True
tvsum,mobilenetv3_small_100,5,LRw_obCPUt0,0.021489083766937256,1.0,0.21363636571913958,0.23887420755594108,0.21363636571913958,0.2380946826011025,True
tvsum,mobilenetv3_small_100,5,PJrm840pAUI,0.049454689025878906,1.0,0.10681818313896656,0.037931851196330614,0.10681818313896656,0.038097519705801455,True
tvsum,mobilenetv3_small_100,5,Se3oxnaPsz0,0.05663632974028587,0.9954022988505749,0.2795454613864422,0.23756041708942804,0.3295454576611519,0.2376711695188119,False
tvsum,mobilenetv3_small_100,5,Yi4Ij2NM7U4,0.03784744441509247,0.9770114942528735,0.34999999813735483,0.13701244336520352,0.34999999813735483,0.13641792713417808,True
tvsum,mobilenetv3_small_100,5,iVt07TCkFM0,0.020858943462371826,0.9862068965517242,0.2931818228214979,0.1182268179865622,0.2931818228214979,0.12017313109377362,True
tvsum,mobilenetv3_small_100,5,qqR6AEXwxoQ,0.04799410700798035,0.9816091954022989,0.0,0.0515208899181099,0.0,0.052863749087942724,True
tvsum,mobilenetv3_small_100,5,z_6gVvQb2d0,0.029723435640335083,0.9908045977011495,0.15681818444281817,-0.18162609107464447,0.15681818444281817,-0.18123794772446072,True
