backbone,config,params,peak_gpu_mb,gpu_fp16_ms,gpu_fp16_spread_pct,gpu_fp32_ms,gpu_fp32_spread_pct,cpu_fp32_ms,cpu_fp32_spread_pct,gpu_fp16_frames_per_s,cpu_frames_per_s,gflops_per_video
mobilevitv2_050,pure,1134266,174.98388671875,18.532832145690918,50.99162083545878,17.8635196685791,1.1522023774377566,815.6667000148445,17.567469652833974,1618.748810983826,36.77972877825467,21.70286208
mobilevitv2_050,surgery_only,535223,161.19873046875,12.828783988952637,37.87195987497728,16.07369613647461,0.6784778799622083,705.0526000093669,13.488738286491778,2338.4913196632015,42.55001683505804,18.95321472
mobilevitv2_050,full_temporal,1259194,176.68603515625,22.30822467803955,56.8580967172824,18.126272201538086,3.138691500198824,791.8127999873832,11.496000063094378,1344.7954928270162,37.88774316413933,21.71069568
mobilevitv2_050,proposed,660151,162.90087890625,16.06599998474121,47.6399855114635,16.349184036254883,0.9860784599893533,651.7108999541961,5.729871941705328,1867.29740000577,46.032681058592814,18.96104832
mobilevit_xxs,pure,975793,128.326171875,21.33568000793457,58.74058793455165,16.16371250152588,4.694764214817486,723.2914000051096,2.921367524393147,1406.095328990838,41.47705890017228,18.07199616
mobilevit_xxs,surgery_only,499729,126.49169921875,15.464272022247314,41.20268956834385,14.568927764892578,2.2545518552916257,648.2485000160523,81.31489699540096,1939.9555282551419,46.27854904293203,16.42799232
mobilevit_xxs,full_temporal,1100721,130.0283203125,24.821248054504395,64.85320897000476,16.290815353393555,1.1849615253529444,745.6481999834068,76.23384594040752,1208.641883523492,40.233450574503635,18.07982976
mobilevit_xxs,proposed,624657,128.19384765625,18.89481544494629,55.95498835340048,14.747647762298584,3.0447141865579086,509.208099974785,93.74833198681581,1587.737127542252,58.915009406734775,16.43582592
mobilenetv3_small_100,pure,1587681,90.490234375,12.515376091003418,63.47954325287887,8.181664228439331,81.30883796129237,214.38670001225546,3.532588507202885,2397.0514175411213,139.93405373693912,3.33336576
mobilenetv3_small_100,surgery_only,197881,74.25830078125,8.764832019805908,62.58191460452631,6.659359931945801,62.38581301747354,151.06669999659061,6.289010079883663,3422.769533085054,198.5877761325101,2.10928704
mobilenetv3_small_100,full_temporal,1712609,92.1923828125,16.18012809753418,67.84044547908317,11.56550407409668,56.34078579668533,201.4193000504747,44.29143582299038,1854.126235537773,148.94302577996322,3.34119936
mobilenetv3_small_100,proposed,322809,75.36083984375,12.183551788330078,69.87137955974696,8.493520259857178,71.38712572498753,155.2691999822855,3.289190648141591,2462.3361496879156,193.21282007907988,2.11712064
googlenet,full_temporal,5794657,190.0107421875,16.582688331604004,19.006902896094704,19.07919979095459,7.897019447824404,2011.0907000489533,25.77405385307458,1809.1155909156603,14.917278469474176,89.85314688
resnet50,full_temporal,23768321,286.166015625,26.270703315734863,0.8945639441839204,51.23481559753418,0.7381523478751367,2429.1414000326768,74.62432610896033,1141.9564843561486,12.350042693931462,245.24412288
mobilenetv3_large_100,full_temporal,4413169,177.84619140625,17.097200393676758,64.37910181967428,12.0381441116333,16.814816616359984,570.2799999853596,20.600476962441256,1754.6732394325345,52.605737533790716,12.931584
vit_base_patch16_224,full_temporal,85977025,679.3310546875,56.81305694580078,4.572357912019188,169.6855010986328,1.494814670803288,6228.286500030663,63.49178863245319,528.0476287100652,4.816734104934367,1053.79464576
