video,users,human_tau_loo,human_tau_pairwise
Air_Force_One,15,0.26847397581384524,0.2239224823793505
Base jumping,18,0.257028038853873,0.1405862045881539
Bearpark_climbing,15,0.20597288139244235,0.08189115623525237
Bike Polo,15,0.29222613853816254,0.23388602296760364
Bus_in_Rock_Tunnel,15,0.14068433594084379,0.07585650073915863
Car_railcrossing,16,0.2999619110876821,0.2439109550486876
Cockpit_Landing,15,0.25398861151845653,0.19308796559904653
Cooking,17,0.39330726468790755,0.2952879897948035
Eiffel Tower,15,0.2992367170744072,0.19891402994801327
Excavators river crossing,15,0.24208820687917645,0.1827680408833758
Fire Domino,15,0.27851623673403275,0.27983573218786884
Jumps,15,0.3916482495264894,0.37716587849018324
Kids_playing_in_leaves,15,0.18559302830816668,0.16795348088629916
Notre_Dame,15,0.18686610079678395,0.11494102763243316
Paintball,17,0.3913761727356236,0.3243739887570576
Playing_on_water_slide,15,0.1946143488032541,0.08780467384672119
Saving dolphines,15,0.04387880080097013,0.04553812564464547
Scuba,17,0.22750030541345034,0.10705065117573176
St Maarten Landing,17,0.40756831696964335,0.4188654167990434
Statue of Liberty,17,0.17608216040137492,0.08403594623031507
Uncut_Evening_Flight,15,0.3236366236224038,0.2657300705686924
Valparaiso_Downhill,15,0.2347891700842841,0.16259882892627736
car_over_camera,15,0.3834377920828777,0.2601665749933889
paluma_jump,15,0.3876654720715683,0.4311645787056302
playing_ball,16,0.26148231638254826,0.1502210376213349
