backbone,config,n_seeds,n_videos,f1_strict,f1_strict_std,f1_standard,f1_standard_std,f1_strict_inverted,f1_strict_inverted_std,tau_ann,tau_ann_std,rho_ann,rho_ann_std,tau_meangt30,tau_meangt30_std,rho_meangt30,rho_meangt30_std,norm_strict,norm_strict_std,f1_strict_fold_std,p_vs_random_strict,p_vs_random_standard,p_vs_proposed_f1_strict,p_vs_proposed_tau_ann,p_vs_pure_f1_strict,p_vs_pure_tau_ann
googlenet,full_temporal,3,50,0.22819697231054303,0.009060669539141903,0.4896543025771776,0.000623864561143199,0.10368181909248227,0.006129962977543761,0.15280313021795489,0.003284823836060335,0.19994717100474554,0.004318896274988612,0.2985776245729346,0.004090172182226631,0.41656383495816013,0.0017942312879410387,0.5727027473361651,0.10565111031465904,0.03736484464775792,8.237559280566131e-05,1.1727507853720454e-11,0.8557483168795788,0.012931948668784443,,
mobilenetv3_large_100,full_temporal,3,50,0.2168636385959883,0.014214778139630738,0.47877593467384577,0.002403629006324008,0.10287878851095833,0.00472581562690951,0.14316324165503483,0.005333896785062722,0.1872798945556329,0.006416314565842076,0.28095657265982654,0.015741341882187895,0.396852275567349,0.019922324734449683,0.4405514437998634,0.16575012330388558,0.032061384384007734,0.001654895925714328,2.3344064459251967e-09,0.28229295463063053,0.24513084584396871,,
mobilenetv3_small_100,full_temporal,3,50,0.2041515171813468,0.0147455931047285,0.47389743198081846,0.0034854675527608097,0.10957575845221675,0.0023017837628427308,0.12735890283794443,0.007371882586036854,0.1668621033897242,0.009296476754769092,0.2525988521159754,0.007366939228023671,0.35828566112709354,0.012068201838924946,0.29232291211026984,0.1719396427640034,0.020335613821063577,0.01806109651468013,2.6378053519238165e-08,0.08401577354329604,0.47831983611594175,0.0362699414949752,0.9923668279164506
mobilenetv3_small_100,proposed,3,50,0.20381818332523102,0.0019937918364381665,0.45719356618573265,0.0036469958159631058,0.11418181908130641,0.004704710153819267,0.10472877901283727,0.0036932814121426213,0.13773836400583847,0.004901999060389285,0.207051888386417,0.01328799696379781,0.29036003682979183,0.017166130804854504,0.2884361030999688,0.02324842776198909,0.019239878530166243,0.045027510990479414,0.0005086665780176247,0.07237748012944856,0.01330480151673541,0.16888071753563239,0.055465717070337206
mobilenetv3_small_100,pure,3,50,0.21792424464474122,0.008655282129909212,0.48147456526011223,0.003897419025680664,0.10818181878700849,0.006176300843192703,0.1287962022512926,0.0057401153769316825,0.16874274471489561,0.0075835281240638095,0.25972382446508213,0.013653981662791997,0.36377342046621935,0.02152626577394862,0.4529185438439732,0.10092412742360511,0.02120740550555872,0.001715436079566146,1.080529443697742e-09,0.4042577575813002,0.7887529519630228,,
mobilenetv3_small_100,surgery_only,3,50,0.1956818199368814,0.005535945933359364,0.4678076300459604,0.002766166542521495,0.11566666737571353,0.006875716927710442,0.09774915918185974,0.004705730560622078,0.12870723698103356,0.0062761677052809925,0.1943094211221077,0.00915940239276412,0.2789150266391975,0.013385786435716428,0.19356278030752447,0.06455139236396094,0.016773215743257002,0.0857934137886982,9.051156624195755e-08,0.002799360749817126,0.009674503529771172,0.012568191503659065,0.0015962870115284744
mobilevit_xxs,full_temporal,3,50,0.2119090929639836,0.005119239485058279,0.4502533328942954,0.005944270775390435,0.10401515209426478,0.007451265115226397,0.12019841773854789,0.007408665974554681,0.1578212736561694,0.00942216374799951,0.25049074767472895,0.005520367080253159,0.35393410343804993,0.009053978962950557,0.3827794165931943,0.059692424850787844,0.03740583546377823,0.001715436079566146,0.008848884696840642,0.07395602411280144,0.30905100446984335,0.215052456193769,0.7740531775538848
mobilevit_xxs,proposed,3,50,0.2054545472934842,0.00952378495229649,0.44700575759261846,0.004987387863653502,0.10801515221471585,0.0036182313716585372,0.12313385589813879,0.011225397269479208,0.161652634216603,0.014912731679771397,0.2521398253978295,0.02469797750720412,0.3545208548125991,0.028502074626367807,0.30751677582266257,0.11105122532737895,0.030043990175035867,0.03453081197041463,0.056738698656332076,0.11171837302823029,0.3988547028530327,0.4490067617286915,0.4262959591146398
mobilevit_xxs,pure,3,50,0.20390909294411538,0.007774056322928952,0.47274274536470573,0.00647331676559691,0.10953030401840802,0.005338990948336004,0.11652907836551564,0.007220737626662184,0.1530432349815871,0.009421263321854976,0.23564176479123652,0.004629442900214403,0.33804456272942685,0.007989682499723597,0.2894961464148608,0.09064867431904204,0.027967533805726277,0.02122367163684835,2.2601653881793027e-10,0.024847675451864504,0.09709384967839618,,
mobilevit_xxs,surgery_only,3,50,0.21187879019478953,0.008302684763156279,0.46513552654907103,0.003787979394475439,0.10987878866121169,0.0056744193315525744,0.11541683507747547,0.008976422070616606,0.15149336081161005,0.01188160649531633,0.22818557185743416,0.020710492456481225,0.32294656351797363,0.0271062926226973,0.3824260739183369,0.0968126980054431,0.02050605203991226,0.0017779629774352657,3.1893934604454444e-06,0.2866420365460076,0.16001685587048975,0.12080975020940343,0.8258163298101913
mobilevitv2_050,full_temporal,3,50,0.22566666857774056,0.006082818985447744,0.4645380738837024,0.005194788433328175,0.10345454624916113,0.005474961707978501,0.14180309416647166,0.009886868769509704,0.18520781552795632,0.012915427089638571,0.28908249227828,0.022170941765350345,0.40350422364292043,0.029939934353680534,0.5431983715669078,0.07092815568202533,0.02077789113265258,0.0003378810943459598,6.206318512269604e-05,0.9923668279164506,0.2866420365460076,0.03286210881230289,2.6378053519238165e-08
mobilevitv2_050,proposed,3,50,0.22322727495804426,0.003809514018256263,0.45792791954924655,0.0021261614526637044,0.10560606118291611,0.0007955624868000116,0.12892676611927215,0.005494760751733683,0.16859477675374024,0.007496193131795383,0.27720531629949563,0.009132241630535196,0.38979961421475817,0.013279867199343213,0.5147540448753709,0.044420490566323995,0.03341993729792574,3.288899332076767e-05,0.0011051033525024678,,,0.2910353177271219,0.05803543429142444
mobilevitv2_050,pure,3,50,0.20928788080935676,0.008418585950301802,0.46236998152981196,0.006694603623068241,0.11365151600415503,0.006432474062364863,0.1038093794834891,0.009537952496878683,0.13611109546031175,0.012659120561309233,0.2167564437735274,0.00945649956203988,0.3107492255329229,0.016464540844773435,0.35221501146725337,0.09816415322139742,0.030929937718006312,0.0005294876867694143,2.0039570713947796e-07,0.2910353177271219,0.05803543429142444,,
mobilevitv2_050,surgery_only,3,50,0.2218787900830308,0.003892229226771694,0.47097912905365225,0.005248414933999076,0.10756060665224985,0.01361834672686737,0.13198960530375606,0.007121031855171632,0.17261157104838987,0.009415930144932114,0.28984976561717746,0.00427201501528177,0.4027069374737799,0.005388920009917665,0.49903016004851214,0.04538498370690396,0.03579959269273685,4.011462634423424e-05,2.649707155910619e-07,0.4042577575813002,0.4723763440876976,0.32777522027848605,0.02420949942225903
resnet50,full_temporal,3,50,0.22619697188710172,0.009615149561222298,0.4758786053123574,0.0061191039138474915,0.10216666724408663,0.004980609970667862,0.14940316778837637,0.008445809120026718,0.19565659335633323,0.011393501324873503,0.301564804205638,0.02243316404612966,0.4249762126872539,0.03274587263898591,0.5493819249120008,0.11211657401212859,0.027142383579183926,1.9760169596594324e-05,3.486415511844143e-07,0.8632650227005474,0.02237794255729675,,
vit_base_patch16_224,full_temporal,3,50,0.22815151708945627,0.008964615238610044,0.4920578057467937,0.00418081392926456,0.09503030355523025,0.001814959254985105,0.16221661826620196,0.004348729156750996,0.21229947345514621,0.0056772182428311245,0.3302788003574185,0.0060224379696224,0.46310506488460185,0.005742630732495034,0.5721727208787751,0.1045310779089026,0.026813875709625897,2.6885878247284722e-05,8.842704346534447e-12,0.8482444441392172,0.001235703558341683,,
