video,fold,random_f1_strict,random_f1_standard,human_f1_strict,human_f1_standard,duration_s,n_frames,fps,decode_ms
Air_Force_One,1,0.4216660864651203,0.5200565725564956,0.5930630624294281,0.6049760739008586,179.76,4494,25.0,4983.203699986916
Base jumping,2,0.36093081161379814,0.2856754966080189,0.5891679326693217,0.5868331591288248,157.79096666666666,4729,29.97002997002997,2107.157200051006
Bearpark_climbing,3,0.3871564533561468,0.3455473676323891,0.537788865963618,0.5406225482622783,133.64,3341,25.0,6058.253999974113
Bike Polo,3,0.3282103456556797,0.31356307938694955,0.652744193871816,0.6243156512578328,102.13333333333334,3064,30.0,2899.4272999698296
Bus_in_Rock_Tunnel,3,0.39415462911128996,0.4195207983255386,0.5146612177292506,0.4964835156997045,171.03333333333333,5131,30.0,1308.8240000070073
Car_railcrossing,2,0.3192599818110466,0.23057747930288314,0.7409142442047596,0.7409142442047596,169.33583333333334,5075,29.97002997002997,2626.6774000250734
Cockpit_Landing,5,0.3260901726782322,0.24722709879279137,0.7213380833466848,0.6487762212753296,301.8348666666667,9046,29.97002997002997,3011.986199999228
Cooking,5,0.3734001226723194,0.3674418717622757,0.83375185026842,0.774792343378067,85.73333333333333,1286,15.0,936.5343999816105
Eiffel Tower,1,0.3943657524883747,0.29989430382847787,0.5769591311613719,0.5776884814103445,198.84,4971,25.0,4624.508399982005
Excavators river crossing,2,0.4400357499718666,0.3413319267332554,0.6086462994416555,0.5578668117523193,388.84,9721,25.0,1334.8054999951273
Fire Domino,5,0.4007928192615509,0.4041369311511517,0.6383903245131175,0.6597114562988281,53.733333333333334,1612,30.0,884.2369000194594
Jumps,1,0.4332788445055485,0.5239394053816795,0.7674741387367249,0.7880752185980479,38.0,950,25.0,971.3726000045426
Kids_playing_in_leaves,3,0.34914992898702624,0.2853621877729893,0.6207538962364196,0.6653600335121155,106.33956666666667,3187,29.97002997002997,4002.7614000136964
Notre_Dame,2,0.3523691512644291,0.3032024592161179,0.49374984701474506,0.5318478246529897,192.0,4608,24.0,5077.026700018905
Paintball,5,0.3593786358833313,0.37328255772590635,0.8682037837365094,0.7858539907371297,254.254,6096,23.976023976023978,1986.988399992697
Playing_on_water_slide,3,0.3440508939325809,0.2811962880194187,0.6894984682401021,0.5917001644770304,102.26883333333333,3065,29.97002997002997,1040.4419000260532
Saving dolphines,1,0.385543143004179,0.300078509747982,0.43225456873575846,0.4490611334641775,222.98943333333332,6683,29.97002997002997,2802.0106000476517
Scuba,4,0.4716192051768303,0.40574824512004853,0.5715893929933801,0.6309217179522795,74.03333333333333,2221,30.0,4520.903299970087
St Maarten Landing,4,0.4451847970485687,0.5299238935112953,0.8263316101887647,0.8358327518491184,70.04,1751,25.0,1464.2823999747634
Statue of Liberty,5,0.4170766331255436,0.3716199234127998,0.5959706288926742,0.5595532883616054,154.52,3863,25.0,1274.7637999709696
Uncut_Evening_Flight,4,0.3701198067516088,0.2968761004507542,0.5983526746431986,0.6454858799775441,322.7224,9672,29.97002997002997,3089.454900007695
Valparaiso_Downhill,4,0.4047093138098717,0.34510548785328865,0.5858547846476237,0.5863125244776408,172.7726,5178,29.97002997002997,3898.181399970781
car_over_camera,2,0.5112845778465271,0.5613559648394585,0.7244728326797485,0.7173580288887024,146.21273333333335,4382,29.97002997002997,1030.566000030376
paluma_jump,1,0.33292245119810104,0.4164771392941475,0.7896712303161622,0.7804635127385458,85.8858,2574,29.97002997002997,1851.4253000030294
playing_ball,4,0.4070346370339394,0.2967449642717838,0.6325695160776377,0.6080458043143153,104.0,3120,30.0,997.1888999571092
