video,fold,random_f1_strict,random_f1_standard,human_f1_strict,human_f1_standard,duration_s,n_frames,fps,human_tau_ann,human_rho_ann,decode_ms
-esJrBWj2d8,3,0.1387500012014061,0.48022727444767954,0.25598086261827696,0.4346889970137885,230.4,6912,30.0,0.1169418284314267,0.13357847449734145,786.0090999747626
0tmA_C6XwfM,4,0.16443181959912181,0.46454545551911003,0.20047847107052802,0.47105263279456844,141.28,3532,25.0,0.17529994032714025,0.20346398562534332,691.4453000063077
37rzWOQsNIw,4,0.1784090930595994,0.4833139556553214,0.23373205916661965,0.45324357689211237,191.5914,5742,29.97002997002997,0.116544590204522,0.13632238339592934,761.9075999828056
3eYKfiOEJNs,2,0.20227272939868265,0.3592045493796468,0.28684210785125436,0.405502393606462,194.12,4853,25.0,0.18224657107943523,0.2097219771286884,555.7820000103675
4wU_LUjG5Ic,2,0.15534091125242414,0.38250000404193996,0.22105263385333518,0.38301435728606426,167.04187499999998,4005,23.976023976023978,0.14849368732156346,0.17088586274630022,716.0900000017136
91IHQYk1IQM,3,0.1542045471072197,0.40522727558389304,0.21602870818031458,0.3643540702956288,110.5104,3312,29.97002997002997,0.09862991844268318,0.11443345528913593,521.9569999608211
98MoyGZKHXc,2,0.1679545474611223,0.37034091301262373,0.3325358884507104,0.4767942609755617,187.52,4688,25.0,0.3092299299148399,0.353650649083491,591.8517999816686
AwmHb44_ouw,5,0.20056818439625204,0.4606818208470941,0.28397129381957803,0.5227272716007734,353.58656666666667,10597,29.97002997002997,0.24269171052892938,0.2813548737209115,738.6461000423878
Bhxk-O1Y7Ho,2,0.09931818190962077,0.3277484185434878,0.25143540652566837,0.40056285258186486,450.8170333333333,13511,29.97002997002997,0.31950124502615634,0.3679359207178098,671.0189000004902
E11zDS9XGzg,3,0.16170454721897837,0.4273863668739796,0.20502392459464702,0.42057416611596155,510.23333333333335,15307,30.0,0.09704426603279012,0.11083963261397631,831.3850999693386
EE-bNr36nyA,5,0.21818182039074602,0.47909091103821994,0.26100478623258444,0.4557416285731291,98.13136666666666,2941,29.97002997002997,0.1781106441375758,0.20489407554657696,844.5158000104129
EYqVtI9YWJA,4,0.17795454724691812,0.5083615230768918,0.2708133999062212,0.4945699385122249,198.16463333333334,5939,29.97002997002997,0.22610654575769337,0.2611576396673318,657.6287999632768
GsAD1KT1xo8,2,0.1557954565435648,0.35147727621719244,0.2038277538199174,0.3409090932262571,145.3452,4356,29.97002997002997,0.11197074258904974,0.13046900413398965,548.5588999581523
HT5vyqe0Xaw,1,0.15215909231454133,0.4554016942530869,0.24377990653248208,0.4937242698708646,322.6890333333333,9671,29.97002997002997,0.1379643002303692,0.15849199828087104,859.3631000258029
Hl-__g2gn_A,5,0.19954545771703125,0.4586363668367266,0.3160287102978481,0.5294258381191053,243.82691666666665,5846,23.976023976023978,0.23122324373768746,0.2654892610567204,748.4331000014208
J0nA4VgnoCo,2,0.18488636622205376,0.40840909421443944,0.33995215314391414,0.49162679438136125,584.709125,14019,23.976023976023978,0.24801212900394115,0.27995373843917803,721.579400007613
JKpqYvAdIsw,3,0.1420454565435648,0.36596987678669396,0.23564593605697154,0.3531378722504565,152.08,3802,25.0,0.10555791297693402,0.11871147410388388,533.4272000472993
JgHubY5Vw3Y,1,0.20306818442419167,0.41773784723132845,0.40119617595092255,0.4895404511376431,143.61013333333332,4304,29.97002997002997,0.25949200973281406,0.2941957614524916,659.3626000103541
LRw_obCPUt0,5,0.1994318210892379,0.4270454571396113,0.25430622042009704,0.4562200980947206,260.3017083333333,6241,23.976023976023978,0.23427489157658288,0.26848469712202105,762.3339999699965
NyBmCxDoHJU,1,0.16965909258462486,0.3858377411775291,0.22535885260685493,0.3819962196248142,189.6,4740,25.0,0.1079636803372951,0.12490314098209908,772.7326999884099
PJrm840pAUI,5,0.16420454705134035,0.4051136401854455,0.2232057440241701,0.3636363657093362,274.1666666666667,6580,24.0,0.07240508895839377,0.08298769497946318,706.3291000085883
RBCABdttQmI,4,0.14943181914277376,0.37045455048792064,0.18947368613199184,0.3808612464093849,364.2639,10917,29.97002997002997,0.14291726384972633,0.1625477116689186,554.9464999930933
Se3oxnaPsz0,5,0.21500000299885866,0.4567045478150248,0.33779904507100583,0.504545455857327,138.83333333333334,4165,30.0,0.2529487171742166,0.2915776541939348,585.7506999745965
VuWGsYPqAX8,4,0.19238636607304216,0.42215909343212843,0.26244019438561644,0.43110048061138706,216.48,5412,25.0,0.173619231512199,0.1954382809619238,597.5717999972403
WG0MBPpPC6I,3,0.22079545768909153,0.5113636377826332,0.2547846918827609,0.5143540683545565,397.64725,9534,23.976023976023978,0.13668607782787826,0.15888483392344632,723.1396000133827
WxtbjNsCQ8A,1,0.1785227293428034,0.4217045494168996,0.21004784885597855,0.3942583753678359,265.5653,7959,29.97002997002997,0.13454096706494362,0.15346905977584663,702.2741999826394
XkqCExn6_Us,1,0.18409091134555639,0.38159091340377926,0.24712918869366773,0.40334928618057775,187.8877,5631,29.97002997002997,0.13228210793764533,0.15091122909003854,644.0469999797642
XzYM3PfTM4w,3,0.1518181826546788,0.47034090914763516,0.2813397136369818,0.47583732222648045,111.0109,3327,29.97002997002997,0.2692432473371008,0.31139260158569815,753.5815999726765
Yi4Ij2NM7U4,5,0.1650000020302832,0.4343181845545769,0.27416268232229507,0.43181818492318447,405.4583333333333,9731,24.0,0.2194291392373131,0.25010210797782645,817.4753999919631
_xMr-HKMfVA,4,0.16159091109409932,0.370681821750477,0.22057416507680166,0.3827751232017028,148.91543333333334,4463,29.97002997002997,0.14479227863067992,0.16910871992150886,510.08110004477203
akI8YFjEmUw,1,0.21795454896986488,0.4018208281975239,0.2258373226774366,0.3891565644035214,133.29983333333334,3995,29.97002997002997,0.07648756385574063,0.09078859112389132,610.1220999844372
b626MiF1ew4,3,0.1888636389002204,0.4117045496217906,0.19593301595825902,0.4066985677339529,235.875,5661,24.0,0.06830842164402531,0.07980678345861708,729.0244999458082
byxOvuiIJV0,1,0.17318182049319147,0.3436125821433962,0.2200956960649867,0.29996503234693883,154.529375,3705,23.976023976023978,0.0725497428537777,0.0828983558215339,556.1383999884129
cjibtmSLxQ4,3,0.20488636667840185,0.4384090938419103,0.3834928254351805,0.545693779305408,647.5135333333334,19406,29.97002997002997,0.25888556318544925,0.29572101447501437,522.5013000308536
eQu1rNs0an0,3,0.21170454841107128,0.49821353256702416,0.24617225076807175,0.503399358219222,164.53103333333334,4931,29.97002997002997,0.18151066662113324,0.2079643958087683,611.8512999964878
fWutDQy1nnY,4,0.14886363774538042,0.40816068094223734,0.22129186668286197,0.4807110298228891,585.8541966106227,17527,29.917,0.2597442538085717,0.30344671230938364,814.9099000147544
gzDbaEs1Rlg,4,0.16147727504372597,0.4238636405393481,0.19114832780078841,0.41052631782857996,288.4,7210,25.0,0.1716518644215529,0.19988328274052422,792.5287000252865
i3wAGJaaktw,2,0.18693182072602216,0.42590909406542776,0.2913875611008782,0.4765550259696811,156.82333333333332,4700,29.97002997002997,0.262519751667674,0.30544929664201065,836.6812000167556
iVt07TCkFM0,5,0.18931818397715688,0.45852272950112816,0.2856459349001709,0.43995215457520986,104.27083333333333,2500,23.976023976023978,0.22848701916438585,0.26128476295236613,672.8749999892898
jcoYJXDG9sw,1,0.18988636613823473,0.46784091148525464,0.36244019420915524,0.5418660301911205,199.23236666666668,5971,29.97002997002997,0.23431293365004985,0.2691657799355361,1066.6783000342548
kLxoNp-UchI,4,0.14295454749837516,0.33352273106575014,0.16435406864865834,0.3157894766252292,129.99653333333333,3896,29.97002997002997,0.12473860297735913,0.14340437769635594,749.4218000210822
oDXZc0tZe04,2,0.16840909278951582,0.3977272762171924,0.21363636708181155,0.3468899558445341,380.8471333333333,11414,29.97002997002997,0.0703675973876943,0.08107512710527179,1023.770300031174
qqR6AEXwxoQ,5,0.26068182232789694,0.5862103606387973,0.41937799434128564,0.6231445454453166,269.3691,8073,29.97002997002997,0.1725454719225911,0.1952000602253816,917.6268000155687
sTEELN-vY30,4,0.14204545579850675,0.41000000413507226,0.3301435428622522,0.4511604100269707,148.93333333333334,4468,30.0,0.2746606042501143,0.3141702604673667,796.8009000178427
uGu_10sucQo,3,0.1897727299388498,0.4059090946242213,0.2638756014014545,0.4028708144826324,167.04166666666666,4009,24.0,0.1998491247573567,0.230969794839082,656.8480999558233
vdmoEJ5YbrQ,1,0.15488636488094928,0.43420454822480686,0.23349282347450134,0.4354067021882848,329.329,9870,29.97002997002997,0.06607878566438737,0.07547714987218385,925.7477999781258
xmEERLqJ2kU,2,0.13579545549117028,0.3708519621752202,0.2667464124332918,0.38140540309250354,445.9455,13365,29.97002997002997,0.25630765531123184,0.2963317287131402,1328.7146000075154
xwqBXPGE9pQ,2,0.1669318207260221,0.45829545668326316,0.27679426203432844,0.4916267947931039,233.90033333333335,7010,29.97002997002997,0.21616905424011343,0.2503658420181208,1107.0719999843277
xxdtq8mxegs,1,0.24465909408405423,0.5778409066051245,0.31196172504048597,0.6540669833358965,144.13333333333333,4324,30.0,0.2000147273036006,0.23251319870718698,1230.3637000150047
z_6gVvQb2d0,5,0.26636363984085615,0.5370454553514719,0.3983253618996394,0.599760763896139,276.3093666666667,8281,29.97002997002997,0.2277651418587741,0.2615333083421733,1245.5977000063285
